season,week,startDate,homeTeam,awayTeam,consensus_spread,consensus_total,home_win_prob,startDate_dt,id,homeClassification,awayClassification,firstDowns_home,firstDownsOpponent_home,fourthDownConversions_home,fourthDownConversionsOpponent_home,fourthDowns_home,fourthDownsOpponent_home,fumblesLost_home,fumblesLostOpponent_home,fumblesRecovered_home,fumblesRecoveredOpponent_home,games_home,interceptionTDs_home,interceptionTDsOpponent_home,interceptionYards_home,interceptionYardsOpponent_home,interceptions_home,interceptionsOpponent_home,kickReturnTDs_home,kickReturnTDsOpponent_home,kickReturnYards_home,kickReturnYardsOpponent_home,kickReturns_home,kickReturnsOpponent_home,netPassingYards_home,netPassingYardsOpponent_home,passAttempts_home,passAttemptsOpponent_home,passCompletions_home,passCompletionsOpponent_home,passesIntercepted_home,passesInterceptedOpponent_home,passingTDs_home,passingTDsOpponent_home,penalties_home,penaltiesOpponent_home,penaltyYards_home,penaltyYardsOpponent_home,possessionTime_home,possessionTimeOpponent_home,puntReturnTDs_home,puntReturnTDsOpponent_home,puntReturnYards_home,puntReturnYardsOpponent_home,puntReturns_home,puntReturnsOpponent_home,rushingAttempts_home,rushingAttemptsOpponent_home,rushingTDs_home,rushingTDsOpponent_home,rushingYards_home,rushingYardsOpponent_home,sacks_home,sacksOpponent_home,tacklesForLoss_home,tacklesForLossOpponent_home,thirdDownConversions_home,thirdDownConversionsOpponent_home,thirdDowns_home,thirdDownsOpponent_home,totalYards_home,totalYardsOpponent_home,turnovers_home,turnoversOpponent_home,firstDowns_away,firstDownsOpponent_away,fourthDownConversions_away,fourthDownConversionsOpponent_away,fourthDowns_away,fourthDownsOpponent_away,fumblesLost_away,fumblesLostOpponent_away,fumblesRecovered_away,fumblesRecoveredOpponent_away,games_away,interceptionTDs_away,interceptionTDsOpponent_away,interceptionYards_away,interceptionYardsOpponent_away,interceptions_away,interceptionsOpponent_away,kickReturnTDs_away,kickReturnTDsOpponent_away,kickReturnYards_away,kickReturnYardsOpponent_away,kickReturns_away,kickReturnsOpponent_away,netPassingYards_away,netPassingYardsOpponent_away,passAttempts_away,passAttemptsOpponent_away,passCompletions_away,passCompletionsOpponent_away,passesIntercepted_away,passesInterceptedOpponent_away,passingTDs_away,passingTDsOpponent_away,penalties_away,penaltiesOpponent_away,penaltyYards_away,penaltyYardsOpponent_away,possessionTime_away,possessionTimeOpponent_away,puntReturnTDs_away,puntReturnTDsOpponent_away,puntReturnYards_away,puntReturnYardsOpponent_away,puntReturns_away,puntReturnsOpponent_away,rushingAttempts_away,rushingAttemptsOpponent_away,rushingTDs_away,rushingTDsOpponent_away,rushingYards_away,rushingYardsOpponent_away,sacks_away,sacksOpponent_away,tacklesForLoss_away,tacklesForLossOpponent_away,thirdDownConversions_away,thirdDownConversionsOpponent_away,thirdDowns_away,thirdDownsOpponent_away,totalYards_away,totalYardsOpponent_away,turnovers_away,turnoversOpponent_away,home_cover_prob,over_prob
2025,4,2025-09-18T23:30:00.000Z,Charlotte,Rice,2.0,42.5,0.3075359958714493,2025-09-18 23:30:00+00:00,401762468,fbs,fbs,65.0,75.0,3.0,4.0,5.0,8.0,3.0,1.0,1.0,3.0,3.0,,0.0,,34.0,4.0,0.0,0.0,0.0,123.0,29.0,4.0,3.0,774.0,969.0,96.0,124.0,64.0,86.0,,4.0,4.0,8.0,23.0,20.0,200.0,218.0,5372.0,5428.0,0.0,0.0,27.0,14.0,3.0,7.0,99.0,94.0,3.0,3.0,279.0,378.0,5.0,2.0,14.0,15.0,19.0,17.0,42.0,42.0,1053.0,1347.0,7.0,1.0,62.0,48.0,3.0,0.0,7.0,4.0,1.0,1.0,1.0,1.0,3.0,0.0,1.0,0.0,37.0,1.0,1.0,0.0,0.0,90.0,45.0,5.0,2.0,210.0,427.0,41.0,78.0,30.0,38.0,1.0,1.0,2.0,2.0,15.0,15.0,158.0,121.0,6332.0,4468.0,0.0,0.0,18.0,25.0,4.0,4.0,168.0,100.0,6.0,5.0,730.0,458.0,8.0,6.0,18.0,24.0,15.0,23.0,41.0,46.0,940.0,885.0,2.0,2.0,0.3046631657129179,0.4315175937473741
2025,4,2025-09-19T23:30:00.000Z,Oklahoma State,Tulsa,-12.0,54.5,0.5258546580748934,2025-09-19 23:30:00+00:00,401756900,fbs,fbs,29.0,37.0,2.0,1.0,2.0,2.0,0.0,0.0,,,2.0,0.0,2.0,1.0,56.0,2.0,1.0,0.0,,80.0,,5.0,,299.0,428.0,49.0,42.0,25.0,28.0,1.0,2.0,1.0,4.0,13.0,13.0,100.0,85.0,3760.0,3440.0,0.0,0.0,17.0,15.0,3.0,2.0,84.0,75.0,2.0,5.0,271.0,428.0,4.0,4.0,12.0,13.0,14.0,13.0,34.0,27.0,570.0,856.0,2.0,1.0,73.0,57.0,8.0,4.0,12.0,7.0,1.0,2.0,2.0,1.0,3.0,0.0,0.0,4.0,11.0,3.0,3.0,0.0,0.0,119.0,108.0,5.0,4.0,660.0,486.0,111.0,74.0,71.0,47.0,3.0,3.0,4.0,3.0,20.0,15.0,122.0,129.0,5211.0,5589.0,0.0,0.0,36.0,30.0,4.0,5.0,113.0,129.0,5.0,6.0,549.0,526.0,8.0,4.0,20.0,14.0,18.0,23.0,47.0,47.0,1209.0,1012.0,4.0,5.0,0.32180753509158133,0.3062191663901296
2025,4,2025-09-20T00:00:00.000Z,Rutgers,Iowa,3.0,45.5,0.38750141966196766,2025-09-20 00:00:00+00:00,401752844,fbs,fbs,88.0,49.0,8.0,1.0,10.0,2.0,0.0,1.0,2.0,0.0,3.0,0.0,,89.0,,0.0,2.0,0.0,0.0,125.0,40.0,6.0,5.0,889.0,582.0,93.0,76.0,67.0,44.0,2.0,,9.0,3.0,12.0,22.0,94.0,178.0,6416.0,4384.0,3.0,,86.0,,5.0,,124.0,80.0,6.0,4.0,494.0,446.0,4.0,7.0,15.0,15.0,17.0,10.0,34.0,28.0,1383.0,1028.0,0.0,3.0,58.0,31.0,4.0,1.0,6.0,3.0,1.0,1.0,1.0,1.0,3.0,,0.0,,24.0,1.0,0.0,0.0,0.0,111.0,29.0,5.0,4.0,365.0,361.0,71.0,75.0,43.0,44.0,,1.0,4.0,2.0,7.0,9.0,63.0,62.0,5989.0,4811.0,1.0,0.0,238.0,34.0,7.0,3.0,132.0,78.0,6.0,1.0,642.0,173.0,7.0,6.0,19.0,12.0,25.0,10.0,46.0,36.0,1007.0,534.0,2.0,1.0,0.2422442027584866,0.2780615744959436
2025,4,2025-09-20T16:00:00.000Z,Wisconsin,Maryland,-10.0,44.5,0.41340599109017834,2025-09-20 16:00:00+00:00,401752845,fbs,fbs,58.0,43.0,4.0,2.0,5.0,4.0,0.0,0.0,,1.0,3.0,0.0,0.0,17.0,15.0,4.0,3.0,1.0,,120.0,,2.0,,588.0,673.0,76.0,80.0,52.0,54.0,3.0,4.0,5.0,5.0,11.0,16.0,105.0,142.0,6060.0,4740.0,0.0,0.0,3.0,50.0,1.0,5.0,106.0,72.0,4.0,1.0,430.0,139.0,9.0,7.0,13.0,15.0,18.0,7.0,36.0,31.0,1018.0,812.0,4.0,3.0,63.0,50.0,3.0,8.0,6.0,17.0,1.0,1.0,1.0,1.0,3.0,2.0,0.0,131.0,29.0,1.0,7.0,0.0,0.0,99.0,217.0,7.0,12.0,798.0,598.0,112.0,113.0,68.0,64.0,7.0,1.0,6.0,3.0,25.0,15.0,205.0,143.0,5525.0,5275.0,0.0,0.0,52.0,0.0,10.0,1.0,100.0,106.0,3.0,1.0,350.0,308.0,10.0,1.0,21.0,13.0,13.0,15.0,43.0,53.0,1148.0,906.0,2.0,8.0,0.19963152371922738,0.3608675188713427
2025,4,2025-09-20T16:00:00.000Z,Utah,Texas Tech,-3.0,57.5,0.19544805301242152,2025-09-20 16:00:00+00:00,401756901,fbs,fbs,85.0,41.0,3.0,5.0,3.0,7.0,1.0,1.0,1.0,1.0,3.0,1.0,,127.0,,0.0,4.0,0.0,0.0,32.0,71.0,4.0,4.0,681.0,402.0,94.0,75.0,69.0,38.0,4.0,,7.0,1.0,20.0,12.0,180.0,95.0,6253.0,4547.0,0.0,0.0,86.0,-2.0,4.0,1.0,145.0,90.0,11.0,1.0,870.0,270.0,9.0,2.0,16.0,9.0,32.0,8.0,44.0,36.0,1551.0,672.0,1.0,5.0,90.0,38.0,2.0,4.0,4.0,7.0,1.0,1.0,1.0,1.0,3.0,1.0,0.0,62.0,25.0,2.0,4.0,0.0,0.0,102.0,64.0,5.0,4.0,1151.0,563.0,110.0,104.0,78.0,53.0,4.0,2.0,14.0,4.0,24.0,12.0,200.0,90.0,5305.0,5495.0,0.0,,52.0,,8.0,,109.0,82.0,8.0,1.0,661.0,125.0,9.0,2.0,18.0,12.0,20.0,13.0,36.0,46.0,1812.0,688.0,3.0,5.0,0.2141998528726135,0.24117050293989337
2025,4,2025-09-20T16:00:00.000Z,Clemson,Syracuse,-17.5,55.5,0.858484208879181,2025-09-20 16:00:00+00:00,401754537,fbs,fbs,47.0,59.0,3.0,1.0,6.0,5.0,2.0,2.0,2.0,2.0,3.0,0.0,1.0,13.0,49.0,3.0,3.0,0.0,,50.0,,3.0,,633.0,682.0,88.0,98.0,52.0,68.0,3.0,3.0,3.0,2.0,11.0,19.0,112.0,158.0,4664.0,6136.0,0.0,0.0,40.0,17.0,3.0,3.0,86.0,105.0,4.0,3.0,325.0,333.0,6.0,3.0,21.0,8.0,15.0,17.0,37.0,39.0,958.0,1013.0,5.0,5.0,80.0,67.0,4.0,2.0,7.0,6.0,3.0,1.0,2.0,3.0,3.0,0.0,0.0,0.0,4.0,3.0,2.0,0.0,0.0,97.0,80.0,5.0,4.0,1138.0,822.0,130.0,126.0,83.0,71.0,2.0,3.0,9.0,6.0,14.0,17.0,125.0,139.0,5256.0,5544.0,0.0,0.0,27.0,10.0,4.0,5.0,107.0,102.0,7.0,4.0,322.0,509.0,3.0,8.0,12.0,14.0,17.0,19.0,39.0,47.0,1460.0,1331.0,6.0,3.0,0.3392372408861496,0.31795646615189305
2025,4,2025-09-20T16:00:00.000Z,Louisville,Bowling Green,-26.5,52.5,0.9022479934498792,2025-09-20 16:00:00+00:00,401754642,fbs,fbs,40.0,29.0,1.0,1.0,2.0,3.0,1.0,1.0,1.0,1.0,2.0,0.0,1.0,0.0,92.0,3.0,1.0,0.0,0.0,113.0,102.0,3.0,6.0,464.0,213.0,60.0,45.0,38.0,23.0,1.0,3.0,3.0,1.0,17.0,20.0,155.0,146.0,3193.0,4007.0,1.0,0.0,134.0,17.0,6.0,3.0,60.0,86.0,5.0,2.0,342.0,200.0,10.0,3.0,13.0,9.0,11.0,10.0,23.0,31.0,806.0,413.0,4.0,2.0,55.0,45.0,2.0,3.0,4.0,7.0,0.0,3.0,3.0,0.0,3.0,0.0,,4.0,,0.0,2.0,1.0,0.0,194.0,121.0,5.0,7.0,529.0,645.0,87.0,78.0,57.0,46.0,2.0,,2.0,5.0,21.0,15.0,170.0,135.0,6040.0,4760.0,0.0,0.0,34.0,3.0,3.0,1.0,113.0,97.0,3.0,2.0,413.0,303.0,7.0,7.0,21.0,17.0,17.0,10.0,46.0,33.0,942.0,948.0,0.0,5.0,0.2513795502060761,0.3069210328921258
2025,4,2025-09-20T16:00:00.000Z,TCU,SMU,-7.0,64.5,0.22825802639339432,2025-09-20 16:00:00+00:00,401754636,fbs,fbs,53.0,37.0,2.0,1.0,2.0,1.0,0.0,2.0,2.0,0.0,2.0,1.0,0.0,25.0,-3.0,2.0,1.0,0.0,0.0,116.0,144.0,5.0,7.0,645.0,448.0,69.0,50.0,52.0,35.0,1.0,2.0,6.0,3.0,9.0,6.0,104.0,60.0,3326.0,3874.0,,,,,,,62.0,74.0,4.0,2.0,387.0,227.0,6.0,0.0,15.0,6.0,16.0,13.0,23.0,27.0,1032.0,675.0,2.0,3.0,72.0,68.0,2.0,6.0,3.0,10.0,3.0,3.0,3.0,3.0,3.0,2.0,0.0,121.0,0.0,3.0,5.0,0.0,0.0,52.0,227.0,3.0,11.0,836.0,959.0,88.0,131.0,62.0,77.0,5.0,3.0,6.0,5.0,26.0,24.0,269.0,216.0,4615.0,6185.0,0.0,0.0,94.0,-6.0,5.0,2.0,111.0,106.0,8.0,3.0,470.0,321.0,9.0,6.0,21.0,18.0,16.0,14.0,38.0,50.0,1306.0,1280.0,6.0,8.0,0.19809487434826964,0.3162670181087857
2025,4,2025-09-20T16:00:00.000Z,Army,North Texas,2.5,50.5,0.1521333585092923,2025-09-20 16:00:00+00:00,401762469,fbs,fbs,44.0,29.0,7.0,3.0,9.0,4.0,1.0,0.0,0.0,1.0,2.0,0.0,0.0,8.0,34.0,2.0,1.0,0.0,1.0,17.0,174.0,1.0,4.0,226.0,324.0,28.0,55.0,16.0,31.0,1.0,2.0,1.0,2.0,7.0,11.0,45.0,88.0,4623.0,2577.0,0.0,0.0,60.0,0.0,4.0,1.0,136.0,60.0,5.0,2.0,517.0,266.0,2.0,0.0,9.0,13.0,16.0,8.0,38.0,27.0,743.0,590.0,3.0,1.0,72.0,43.0,2.0,2.0,3.0,3.0,1.0,3.0,3.0,1.0,3.0,0.0,,129.0,,0.0,4.0,0.0,0.0,67.0,209.0,3.0,12.0,800.0,386.0,101.0,76.0,71.0,43.0,4.0,,9.0,1.0,16.0,29.0,146.0,229.0,5123.0,5677.0,0.0,0.0,30.0,3.0,6.0,2.0,100.0,112.0,9.0,3.0,478.0,311.0,7.0,4.0,19.0,15.0,17.0,20.0,34.0,45.0,1278.0,697.0,1.0,7.0,0.20948097407493982,0.2762511318043969
2025,4,2025-09-20T16:00:00.000Z,Memphis,Arkansas,7.0,61.5,0.19247590358636502,2025-09-20 16:00:00+00:00,401752708,fbs,fbs,66.0,45.0,3.0,2.0,4.0,4.0,1.0,0.0,0.0,1.0,3.0,2.0,0.0,57.0,20.0,1.0,4.0,0.0,0.0,20.0,110.0,1.0,6.0,608.0,526.0,75.0,92.0,55.0,53.0,4.0,1.0,2.0,2.0,17.0,16.0,165.0,95.0,5714.0,5085.0,0.0,,80.0,,7.0,,118.0,87.0,11.0,1.0,655.0,207.0,9.0,4.0,28.0,17.0,16.0,12.0,34.0,42.0,1263.0,733.0,2.0,4.0,88.0,60.0,0.0,0.0,0.0,2.0,1.0,2.0,2.0,1.0,3.0,0.0,0.0,40.0,18.0,2.0,2.0,0.0,1.0,53.0,151.0,2.0,4.0,972.0,655.0,100.0,95.0,68.0,59.0,2.0,2.0,12.0,3.0,18.0,20.0,162.0,161.0,5393.0,5407.0,0.0,0.0,31.0,14.0,7.0,2.0,106.0,108.0,8.0,4.0,736.0,340.0,7.0,2.0,20.0,8.0,23.0,19.0,32.0,43.0,1708.0,995.0,3.0,4.0,0.3689099538090013,0.2881673533633267
2025,4,2025-09-20T16:00:00.000Z,Miami (OH),UNLV,2.0,50.5,0.1521333585092923,2025-09-20 16:00:00+00:00,401760376,fbs,fbs,20.0,54.0,0.0,1.0,1.0,3.0,0.0,0.0,,,2.0,0.0,0.0,0.0,85.0,3.0,1.0,,0.0,,47.0,,2.0,334.0,447.0,40.0,68.0,23.0,44.0,1.0,3.0,0.0,5.0,15.0,7.0,154.0,54.0,2501.0,4699.0,0.0,0.0,16.0,7.0,1.0,1.0,44.0,84.0,2.0,3.0,151.0,327.0,6.0,5.0,9.0,9.0,3.0,15.0,17.0,26.0,485.0,774.0,3.0,1.0,65.0,77.0,3.0,8.0,3.0,14.0,1.0,1.0,1.0,1.0,3.0,1.0,0.0,87.0,0.0,1.0,6.0,0.0,0.0,92.0,255.0,5.0,11.0,684.0,837.0,68.0,128.0,52.0,79.0,6.0,1.0,6.0,4.0,29.0,29.0,312.0,257.0,5368.0,5432.0,0.0,0.0,4.0,7.0,2.0,3.0,107.0,90.0,7.0,5.0,606.0,478.0,7.0,6.0,18.0,15.0,13.0,9.0,31.0,38.0,1290.0,1315.0,2.0,7.0,0.20056572922340796,0.2752382816946871
2025,4,2025-09-20T16:45:00.000Z,Tennessee,UAB,-38.5,69.0,0.5137700970728712,2025-09-20 16:45:00+00:00,401752715,fbs,fbs,86.0,62.0,0.0,5.0,0.0,7.0,1.0,2.0,2.0,2.0,3.0,0.0,0.0,38.0,0.0,2.0,2.0,0.0,0.0,42.0,31.0,2.0,2.0,1076.0,745.0,116.0,103.0,78.0,65.0,2.0,2.0,11.0,4.0,23.0,17.0,192.0,117.0,5093.0,5707.0,0.0,0.0,120.0,12.0,9.0,1.0,121.0,127.0,8.0,7.0,647.0,350.0,11.0,1.0,20.0,8.0,22.0,15.0,38.0,46.0,1723.0,1095.0,3.0,4.0,73.0,67.0,3.0,2.0,7.0,4.0,1.0,1.0,1.0,1.0,3.0,,0.0,,44.0,3.0,0.0,1.0,0.0,362.0,152.0,15.0,8.0,909.0,762.0,101.0,67.0,71.0,43.0,,3.0,6.0,7.0,13.0,20.0,101.0,185.0,5006.0,5794.0,0.0,0.0,57.0,8.0,5.0,1.0,93.0,135.0,7.0,7.0,446.0,656.0,7.0,3.0,18.0,12.0,13.0,23.0,32.0,40.0,1355.0,1418.0,4.0,1.0,0.3675655749695455,0.40042808100154104
2025,4,2025-09-20T19:00:00.000Z,Oregon,Oregon State,-35.0,55.5,0.9603909574934596,2025-09-20 19:00:00+00:00,401752841,fbs,fbs,74.0,41.0,3.0,4.0,4.0,7.0,0.0,0.0,0.0,0.0,3.0,2.0,0.0,123.0,-1.0,1.0,4.0,0.0,0.0,91.0,123.0,4.0,6.0,769.0,400.0,76.0,72.0,56.0,41.0,4.0,1.0,7.0,0.0,9.0,19.0,64.0,126.0,5191.0,5612.0,0.0,,58.0,,6.0,,106.0,106.0,13.0,3.0,741.0,368.0,7.0,0.0,15.0,7.0,21.0,10.0,33.0,39.0,1510.0,768.0,1.0,4.0,66.0,60.0,4.0,2.0,6.0,4.0,1.0,0.0,0.0,1.0,3.0,0.0,1.0,56.0,102.0,5.0,3.0,0.0,0.0,116.0,235.0,8.0,10.0,912.0,821.0,129.0,88.0,79.0,59.0,3.0,5.0,6.0,7.0,17.0,22.0,113.0,174.0,5777.0,5022.0,0.0,1.0,8.0,128.0,2.0,5.0,82.0,98.0,2.0,5.0,229.0,456.0,2.0,6.0,15.0,19.0,20.0,12.0,45.0,36.0,1141.0,1277.0,6.0,3.0,0.3935854220857767,0.46930904327041806
2025,4,2025-09-20T19:30:00.000Z,Florida State,Kent State,-45.0,56.5,0.47410320291773733,2025-09-20 19:30:00+00:00,401754541,fbs,fbs,49.0,27.0,5.0,2.0,5.0,6.0,2.0,0.0,0.0,2.0,2.0,0.0,,48.0,,0.0,2.0,0.0,,55.0,,3.0,,520.0,346.0,34.0,56.0,25.0,30.0,2.0,,6.0,2.0,7.0,15.0,75.0,125.0,3741.0,3459.0,0.0,,28.0,,3.0,,100.0,65.0,9.0,0.0,591.0,192.0,6.0,2.0,16.0,8.0,15.0,9.0,26.0,29.0,1111.0,538.0,2.0,2.0,45.0,68.0,4.0,2.0,9.0,6.0,3.0,2.0,2.0,3.0,3.0,0.0,1.0,0.0,55.0,1.0,1.0,1.0,0.0,182.0,49.0,7.0,4.0,653.0,865.0,77.0,109.0,45.0,70.0,1.0,1.0,5.0,8.0,19.0,22.0,143.0,217.0,5748.0,5052.0,0.0,0.0,44.0,73.0,5.0,7.0,114.0,106.0,3.0,4.0,307.0,543.0,3.0,9.0,12.0,20.0,15.0,14.0,48.0,39.0,960.0,1408.0,4.0,3.0,0.371141536921573,0.4858758341090402
2025,4,2025-09-20T19:30:00.000Z,Western Michigan,Toledo,14.0,50.5,0.12763874930600563,2025-09-20 19:30:00+00:00,401762820,fbs,fbs,40.0,63.0,1.0,1.0,6.0,1.0,0.0,1.0,1.0,0.0,3.0,1.0,0.0,32.0,0.0,1.0,1.0,0.0,0.0,182.0,89.0,9.0,4.0,366.0,575.0,71.0,83.0,36.0,52.0,1.0,1.0,1.0,5.0,20.0,19.0,165.0,162.0,5299.0,5501.0,0.0,0.0,6.0,39.0,5.0,3.0,115.0,111.0,2.0,7.0,358.0,525.0,9.0,8.0,19.0,25.0,16.0,17.0,46.0,39.0,724.0,1100.0,1.0,2.0,69.0,39.0,1.0,0.0,6.0,2.0,1.0,3.0,3.0,1.0,3.0,1.0,0.0,37.0,0.0,2.0,2.0,0.0,0.0,64.0,60.0,4.0,3.0,768.0,379.0,98.0,78.0,62.0,43.0,2.0,2.0,7.0,2.0,27.0,12.0,236.0,94.0,5743.0,5057.0,0.0,0.0,128.0,-3.0,12.0,3.0,118.0,103.0,8.0,4.0,626.0,315.0,5.0,4.0,19.0,13.0,19.0,14.0,43.0,41.0,1394.0,694.0,3.0,5.0,0.29743015946409995,0.43262249893359
2025,4,2025-09-20T19:30:00.000Z,Eastern Michigan,Louisiana,2.5,50.5,0.31672072862438466,2025-09-20 19:30:00+00:00,401761610,fbs,fbs,61.0,75.0,3.0,1.0,7.0,2.0,0.0,0.0,0.0,0.0,3.0,,0.0,,25.0,1.0,0.0,0.0,0.0,173.0,43.0,7.0,4.0,767.0,702.0,106.0,72.0,66.0,45.0,,1.0,4.0,6.0,13.0,16.0,95.0,132.0,4873.0,5927.0,,0.0,,61.0,,4.0,88.0,129.0,4.0,11.0,396.0,876.0,1.0,4.0,12.0,14.0,15.0,23.0,41.0,38.0,1163.0,1578.0,1.0,0.0,45.0,64.0,2.0,3.0,5.0,5.0,1.0,1.0,1.0,1.0,3.0,0.0,0.0,1.0,0.0,1.0,2.0,0.0,0.0,125.0,98.0,7.0,7.0,178.0,415.0,64.0,63.0,26.0,43.0,2.0,1.0,1.0,2.0,18.0,19.0,131.0,230.0,4502.0,6298.0,0.0,0.0,10.0,18.0,4.0,5.0,98.0,143.0,5.0,8.0,583.0,680.0,5.0,6.0,13.0,20.0,12.0,18.0,37.0,37.0,761.0,1095.0,2.0,3.0,0.4009842354745052,0.41308078652900404
2025,4,2025-09-20T19:30:00.000Z,Nebraska,Michigan,2.5,46.0,0.18481141301040108,2025-09-20 19:30:00+00:00,401752846,fbs,fbs,84.0,40.0,2.0,5.0,5.0,6.0,0.0,3.0,4.0,1.0,3.0,0.0,,0.0,,0.0,1.0,0.0,0.0,103.0,185.0,5.0,11.0,1099.0,198.0,111.0,66.0,88.0,33.0,1.0,,9.0,0.0,13.0,14.0,143.0,95.0,5997.0,4803.0,0.0,,133.0,,8.0,,106.0,100.0,9.0,3.0,541.0,408.0,3.0,3.0,10.0,6.0,23.0,8.0,37.0,38.0,1640.0,606.0,0.0,4.0,67.0,51.0,1.0,3.0,4.0,7.0,1.0,2.0,1.0,1.0,3.0,0.0,0.0,0.0,0.0,1.0,5.0,0.0,0.0,122.0,82.0,6.0,8.0,628.0,547.0,80.0,102.0,46.0,64.0,5.0,1.0,2.0,3.0,15.0,7.0,142.0,59.0,5273.0,5527.0,0.0,0.0,8.0,2.0,7.0,3.0,116.0,99.0,12.0,2.0,737.0,270.0,8.0,3.0,23.0,12.0,17.0,20.0,38.0,46.0,1365.0,817.0,2.0,7.0,0.35019148839186814,0.3608577953221077
2025,4,2025-09-20T19:30:00.000Z,Oklahoma,Auburn,-6.5,47.5,0.28353845424550705,2025-09-20 19:30:00+00:00,401752714,fbs,fbs,75.0,27.0,3.0,0.0,4.0,1.0,2.0,0.0,0.0,1.0,3.0,,0.0,,0.0,3.0,0.0,0.0,0.0,17.0,60.0,4.0,5.0,949.0,254.0,108.0,71.0,72.0,33.0,,3.0,5.0,0.0,14.0,8.0,108.0,77.0,5844.0,4956.0,0.0,0.0,12.0,20.0,4.0,4.0,114.0,84.0,8.0,1.0,469.0,290.0,7.0,5.0,24.0,18.0,19.0,7.0,40.0,41.0,1418.0,544.0,5.0,0.0,71.0,49.0,5.0,7.0,5.0,11.0,1.0,2.0,2.0,1.0,3.0,0.0,,1.0,,0.0,1.0,1.0,0.0,194.0,134.0,5.0,6.0,521.0,660.0,74.0,90.0,50.0,55.0,1.0,,4.0,5.0,21.0,18.0,191.0,147.0,5496.0,5304.0,0.0,,16.0,,4.0,,125.0,99.0,10.0,0.0,726.0,201.0,11.0,7.0,26.0,11.0,18.0,13.0,34.0,45.0,1247.0,861.0,1.0,3.0,0.276669172012496,0.26573305246892925
2025,4,2025-09-20T19:30:00.000Z,UConn,Ball State,-21.5,53.5,0.6327012575915104,2025-09-20 19:30:00+00:00,401757169,fbs,fbs,73.0,65.0,3.0,4.0,7.0,7.0,0.0,1.0,1.0,0.0,3.0,0.0,,0.0,,0.0,1.0,0.0,0.0,169.0,107.0,8.0,4.0,1008.0,811.0,121.0,110.0,80.0,65.0,1.0,,7.0,3.0,19.0,16.0,177.0,128.0,5317.0,5483.0,0.0,0.0,29.0,6.0,5.0,2.0,97.0,114.0,8.0,7.0,610.0,419.0,9.0,3.0,21.0,13.0,20.0,16.0,46.0,46.0,1618.0,1230.0,0.0,2.0,40.0,72.0,2.0,4.0,3.0,5.0,2.0,1.0,1.0,2.0,3.0,,0.0,,-3.0,1.0,0.0,0.0,0.0,171.0,162.0,9.0,8.0,263.0,870.0,47.0,107.0,29.0,71.0,,1.0,2.0,6.0,16.0,17.0,131.0,152.0,5150.0,5650.0,0.0,1.0,-1.0,69.0,3.0,8.0,105.0,98.0,3.0,6.0,421.0,449.0,10.0,11.0,22.0,26.0,12.0,18.0,37.0,40.0,684.0,1319.0,3.0,1.0,0.3443389648890448,0.5181284616170234
2025,4,2025-09-20T19:30:00.000Z,Liberty,James Madison,9.0,47.5,0.20983014419454973,2025-09-20 19:30:00+00:00,401757262,fbs,fbs,58.0,50.0,2.0,3.0,7.0,6.0,3.0,1.0,1.0,3.0,3.0,0.0,0.0,0.0,15.0,3.0,1.0,0.0,0.0,130.0,24.0,9.0,3.0,726.0,330.0,87.0,75.0,51.0,35.0,1.0,3.0,6.0,1.0,14.0,16.0,118.0,135.0,5521.0,5279.0,0.0,0.0,19.0,25.0,3.0,1.0,115.0,116.0,3.0,6.0,531.0,685.0,4.0,8.0,11.0,16.0,22.0,16.0,45.0,42.0,1257.0,1015.0,6.0,2.0,42.0,22.0,2.0,1.0,6.0,3.0,2.0,1.0,1.0,2.0,2.0,0.0,0.0,49.0,0.0,2.0,3.0,0.0,0.0,97.0,137.0,5.0,8.0,282.0,235.0,58.0,49.0,35.0,23.0,3.0,2.0,3.0,2.0,18.0,8.0,170.0,70.0,4179.0,3021.0,0.0,,30.0,,5.0,,91.0,61.0,5.0,1.0,439.0,177.0,3.0,7.0,13.0,15.0,14.0,8.0,30.0,28.0,721.0,412.0,4.0,4.0,0.28683262507429347,0.2733428311091311
2025,4,2025-09-20T19:30:00.000Z,Notre Dame,Purdue,-24.5,54.5,0.7974771939580498,2025-09-20 19:30:00+00:00,401752848,fbs,fbs,41.0,44.0,2.0,2.0,4.0,3.0,1.0,0.0,0.0,1.0,2.0,0.0,0.0,0.0,15.0,2.0,1.0,0.0,0.0,54.0,87.0,3.0,3.0,514.0,565.0,62.0,68.0,39.0,37.0,1.0,2.0,3.0,4.0,10.0,19.0,61.0,137.0,3550.0,3650.0,1.0,0.0,65.0,9.0,5.0,1.0,66.0,69.0,4.0,4.0,230.0,255.0,1.0,5.0,4.0,13.0,11.0,9.0,24.0,25.0,744.0,820.0,3.0,1.0,75.0,55.0,5.0,6.0,6.0,8.0,0.0,0.0,0.0,,3.0,,1.0,,103.0,4.0,0.0,0.0,0.0,125.0,50.0,6.0,3.0,815.0,571.0,91.0,77.0,58.0,47.0,,4.0,5.0,1.0,10.0,17.0,115.0,187.0,5339.0,5461.0,0.0,0.0,24.0,-1.0,3.0,2.0,111.0,101.0,5.0,3.0,359.0,376.0,9.0,6.0,21.0,22.0,20.0,13.0,39.0,37.0,1174.0,947.0,4.0,0.0,0.31646792187067313,0.3164717784709298
2025,4,2025-09-20T19:30:00.000Z,Ole Miss,Tulane,-10.5,60.5,0.3648890088822791,2025-09-20 19:30:00+00:00,401752711,fbs,fbs,78.0,58.0,2.0,3.0,2.0,7.0,0.0,1.0,1.0,0.0,3.0,0.0,0.0,1.0,50.0,4.0,1.0,,0.0,,39.0,,2.0,992.0,561.0,91.0,93.0,59.0,50.0,1.0,4.0,6.0,2.0,22.0,21.0,200.0,178.0,4992.0,5808.0,0.0,0.0,71.0,-2.0,6.0,1.0,131.0,109.0,10.0,6.0,635.0,584.0,4.0,3.0,11.0,15.0,19.0,16.0,38.0,43.0,1627.0,1145.0,4.0,2.0,68.0,69.0,3.0,3.0,4.0,9.0,2.0,3.0,3.0,2.0,3.0,0.0,,12.0,,0.0,5.0,0.0,,140.0,,7.0,,587.0,705.0,84.0,111.0,51.0,66.0,5.0,,2.0,5.0,24.0,15.0,242.0,114.0,6067.0,4733.0,0.0,0.0,3.0,42.0,3.0,2.0,125.0,92.0,8.0,2.0,666.0,405.0,4.0,3.0,11.0,15.0,20.0,15.0,45.0,38.0,1253.0,1110.0,2.0,8.0,0.3092005734306427,0.30722157736834316
2025,4,2025-09-20T19:30:00.000Z,UCF,North Carolina,-6.5,47.0,0.3888109585618512,2025-09-20 19:30:00+00:00,401754640,fbs,fbs,43.0,31.0,4.0,4.0,4.0,6.0,1.0,2.0,2.0,1.0,2.0,0.0,,0.0,,0.0,2.0,1.0,0.0,130.0,120.0,3.0,6.0,518.0,197.0,57.0,41.0,36.0,21.0,2.0,,2.0,0.0,15.0,14.0,135.0,119.0,3357.0,3859.0,0.0,0.0,59.0,20.0,3.0,2.0,68.0,90.0,7.0,2.0,466.0,325.0,4.0,3.0,17.0,8.0,12.0,8.0,26.0,32.0,984.0,522.0,1.0,4.0,41.0,65.0,2.0,2.0,3.0,5.0,2.0,2.0,2.0,2.0,3.0,0.0,1.0,41.0,39.0,2.0,4.0,0.0,0.0,145.0,72.0,7.0,4.0,446.0,609.0,65.0,93.0,40.0,61.0,4.0,2.0,4.0,2.0,12.0,12.0,130.0,109.0,4768.0,6030.0,0.0,0.0,30.0,5.0,3.0,2.0,92.0,111.0,4.0,2.0,391.0,404.0,4.0,4.0,12.0,16.0,12.0,19.0,36.0,41.0,837.0,1013.0,4.0,6.0,0.270700692729222,0.3342491362117984
2025,4,2025-09-20T19:30:00.000Z,Buffalo,Troy,-6.5,42.5,0.36041285107574483,2025-09-20 19:30:00+00:00,401761613,fbs,fbs,64.0,54.0,4.0,5.0,8.0,9.0,2.0,2.0,3.0,2.0,3.0,0.0,0.0,54.0,6.0,3.0,1.0,0.0,0.0,49.0,52.0,3.0,3.0,558.0,684.0,82.0,99.0,51.0,59.0,1.0,3.0,5.0,4.0,11.0,15.0,116.0,82.0,4889.0,5911.0,0.0,0.0,114.0,32.0,11.0,3.0,116.0,108.0,6.0,3.0,563.0,308.0,8.0,3.0,19.0,14.0,17.0,21.0,40.0,51.0,1121.0,992.0,5.0,3.0,51.0,54.0,2.0,1.0,4.0,4.0,0.0,2.0,2.0,0.0,3.0,1.0,0.0,5.0,12.0,4.0,2.0,0.0,0.0,87.0,30.0,6.0,2.0,439.0,593.0,87.0,78.0,45.0,56.0,2.0,4.0,4.0,4.0,22.0,16.0,217.0,140.0,5213.0,5587.0,0.0,0.0,1.0,42.0,1.0,5.0,99.0,101.0,2.0,5.0,390.0,402.0,8.0,9.0,18.0,15.0,18.0,15.0,43.0,38.0,829.0,995.0,4.0,4.0,0.488421825727626,0.40911540313597383
2025,4,2025-09-20T20:00:00.000Z,Duke,NC State,-3.5,59.0,0.32839068322575377,2025-09-20 20:00:00+00:00,401754538,fbs,fbs,71.0,61.0,2.0,4.0,5.0,6.0,5.0,1.0,1.0,5.0,3.0,,0.0,,0.0,2.0,0.0,0.0,0.0,58.0,83.0,3.0,4.0,1058.0,678.0,124.0,74.0,82.0,50.0,,2.0,8.0,3.0,18.0,22.0,169.0,198.0,4658.0,6142.0,1.0,,86.0,,5.0,,73.0,124.0,2.0,9.0,380.0,442.0,8.0,4.0,27.0,11.0,15.0,18.0,33.0,43.0,1438.0,1120.0,7.0,1.0,67.0,54.0,4.0,3.0,4.0,8.0,0.0,0.0,,,3.0,1.0,0.0,46.0,20.0,1.0,3.0,0.0,1.0,19.0,176.0,1.0,5.0,719.0,892.0,89.0,123.0,63.0,82.0,3.0,1.0,5.0,2.0,18.0,21.0,172.0,188.0,5867.0,4933.0,0.0,0.0,21.0,82.0,3.0,5.0,113.0,83.0,6.0,6.0,530.0,346.0,2.0,2.0,17.0,25.0,15.0,25.0,40.0,50.0,1249.0,1238.0,1.0,3.0,0.37165433185874075,0.4855381393870836
2025,4,2025-09-20T20:15:00.000Z,Mississippi State,Northern Illinois,-21.0,49.5,0.855334033353896,2025-09-20 20:15:00+00:00,401752712,fbs,fbs,62.0,50.0,2.0,3.0,4.0,6.0,0.0,2.0,2.0,0.0,3.0,0.0,0.0,-1.0,14.0,2.0,4.0,0.0,0.0,13.0,92.0,1.0,6.0,788.0,368.0,88.0,83.0,59.0,49.0,4.0,2.0,7.0,3.0,30.0,25.0,254.0,179.0,4836.0,5664.0,0.0,,129.0,,9.0,,108.0,113.0,9.0,1.0,536.0,421.0,4.0,4.0,14.0,12.0,21.0,16.0,37.0,45.0,1324.0,789.0,2.0,6.0,30.0,31.0,6.0,1.0,9.0,4.0,0.0,1.0,1.0,0.0,2.0,0.0,0.0,0.0,0.0,1.0,1.0,1.0,1.0,189.0,217.0,7.0,7.0,200.0,409.0,46.0,65.0,28.0,36.0,1.0,1.0,0.0,3.0,13.0,4.0,103.0,35.0,4021.0,3179.0,,0.0,,22.0,,4.0,94.0,53.0,2.0,0.0,360.0,149.0,2.0,4.0,10.0,12.0,12.0,6.0,37.0,24.0,560.0,558.0,1.0,2.0,0.44693545971925597,0.3312289926707425
2025,4,2025-09-20T20:30:00.000Z,Georgia Tech,Temple,-23.5,51.5,0.4909144442179537,2025-09-20 20:30:00+00:00,401754542,fbs,fbs,66.0,56.0,2.0,3.0,5.0,4.0,3.0,2.0,2.0,2.0,3.0,0.0,0.0,45.0,0.0,2.0,1.0,0.0,0.0,6.0,54.0,1.0,4.0,811.0,575.0,78.0,85.0,55.0,52.0,1.0,2.0,2.0,4.0,23.0,12.0,175.0,90.0,5228.0,5575.0,0.0,0.0,67.0,35.0,7.0,3.0,117.0,113.0,10.0,3.0,690.0,437.0,7.0,2.0,20.0,12.0,16.0,16.0,34.0,43.0,1501.0,1012.0,5.0,3.0,59.0,56.0,1.0,1.0,1.0,3.0,0.0,1.0,1.0,0.0,3.0,0.0,,0.0,,0.0,3.0,0.0,0.0,97.0,55.0,7.0,3.0,585.0,525.0,72.0,97.0,50.0,54.0,3.0,,10.0,2.0,14.0,13.0,162.0,96.0,5864.0,4936.0,0.0,0.0,93.0,10.0,6.0,2.0,111.0,92.0,3.0,5.0,549.0,413.0,6.0,6.0,16.0,18.0,20.0,14.0,40.0,38.0,1134.0,938.0,0.0,4.0,0.32443368342314644,0.418759519377143
2025,4,2025-09-20T22:00:00.000Z,Kansas,West Virginia,-13.5,56.5,0.5524195271676382,2025-09-20 22:00:00+00:00,401756899,fbs,fbs,67.0,47.0,5.0,6.0,7.0,8.0,1.0,2.0,2.0,1.0,3.0,0.0,0.0,0.0,0.0,2.0,2.0,0.0,0.0,120.0,49.0,6.0,3.0,745.0,603.0,84.0,88.0,59.0,61.0,2.0,2.0,9.0,4.0,17.0,21.0,137.0,190.0,5156.0,5644.0,0.0,0.0,83.0,16.0,11.0,5.0,101.0,104.0,4.0,3.0,495.0,351.0,10.0,4.0,26.0,12.0,9.0,19.0,31.0,48.0,1240.0,954.0,3.0,4.0,67.0,47.0,3.0,2.0,6.0,5.0,4.0,2.0,2.0,3.0,3.0,0.0,0.0,47.0,43.0,3.0,4.0,0.0,0.0,129.0,83.0,6.0,7.0,670.0,620.0,83.0,91.0,55.0,51.0,4.0,3.0,2.0,2.0,23.0,28.0,214.0,210.0,4511.0,6104.0,0.0,0.0,73.0,29.0,8.0,5.0,139.0,117.0,9.0,2.0,639.0,282.0,13.0,8.0,22.0,18.0,12.0,12.0,41.0,46.0,1309.0,902.0,7.0,6.0,0.20120893561375763,0.24215798605472347
2025,4,2025-09-20T22:00:00.000Z,Florida International,Delaware,-5.5,55.5,0.5341129591291028,2025-09-20 22:00:00+00:00,401757259,fbs,fbs,59.0,61.0,4.0,4.0,8.0,13.0,3.0,1.0,1.0,3.0,3.0,0.0,0.0,55.0,3.0,1.0,3.0,0.0,0.0,122.0,168.0,5.0,8.0,566.0,784.0,92.0,123.0,58.0,75.0,3.0,1.0,1.0,4.0,17.0,20.0,130.0,177.0,6013.0,4787.0,0.0,1.0,45.0,55.0,5.0,8.0,117.0,92.0,10.0,3.0,588.0,449.0,6.0,3.0,13.0,24.0,17.0,16.0,44.0,45.0,1154.0,1233.0,4.0,4.0,73.0,69.0,6.0,4.0,8.0,5.0,2.0,0.0,0.0,3.0,3.0,1.0,0.0,45.0,2.0,1.0,2.0,0.0,0.0,151.0,68.0,5.0,3.0,849.0,762.0,114.0,95.0,72.0,63.0,2.0,1.0,5.0,5.0,15.0,24.0,146.0,216.0,5255.0,5545.0,0.0,0.0,13.0,9.0,2.0,2.0,100.0,109.0,6.0,6.0,469.0,510.0,8.0,9.0,21.0,17.0,16.0,17.0,38.0,43.0,1318.0,1272.0,3.0,2.0,0.32992822995261667,0.3931807744228552
2025,4,2025-09-20T22:00:00.000Z,Kennesaw State,Arkansas State,4.5,56.5,0.34589735254831067,2025-09-20 22:00:00+00:00,401757261,fbs,fbs,49.0,64.0,2.0,3.0,4.0,7.0,1.0,0.0,0.0,1.0,3.0,,1.0,,109.0,2.0,0.0,0.0,0.0,39.0,144.0,1.0,8.0,527.0,713.0,85.0,81.0,46.0,54.0,,2.0,1.0,5.0,24.0,24.0,204.0,198.0,4576.0,6259.0,0.0,0.0,13.0,35.0,2.0,1.0,107.0,123.0,3.0,5.0,420.0,525.0,8.0,5.0,24.0,19.0,16.0,19.0,44.0,42.0,947.0,1238.0,3.0,0.0,68.0,69.0,2.0,2.0,6.0,3.0,1.0,1.0,1.0,1.0,3.0,0.0,0.0,18.0,40.0,3.0,3.0,1.0,0.0,232.0,7.0,7.0,1.0,699.0,846.0,101.0,90.0,67.0,60.0,3.0,3.0,4.0,7.0,23.0,19.0,216.0,176.0,6150.0,4650.0,0.0,0.0,46.0,7.0,4.0,2.0,118.0,96.0,4.0,7.0,460.0,600.0,5.0,7.0,12.0,21.0,22.0,16.0,46.0,31.0,1159.0,1446.0,4.0,4.0,0.3662748110302908,0.2907446563838591
2025,4,2025-09-20T23:00:00.000Z,Air Force,Boise State,10.0,51.5,0.19345160612307916,2025-09-20 23:00:00+00:00,401760372,fbs,fbs,46.0,40.0,6.0,1.0,6.0,2.0,1.0,1.0,1.0,1.0,2.0,0.0,0.0,3.0,18.0,2.0,1.0,0.0,0.0,36.0,22.0,2.0,1.0,338.0,456.0,32.0,46.0,17.0,33.0,1.0,2.0,2.0,3.0,9.0,11.0,91.0,78.0,4189.0,3011.0,0.0,0.0,7.0,5.0,1.0,1.0,112.0,72.0,8.0,5.0,533.0,283.0,9.0,3.0,11.0,5.0,14.0,7.0,27.0,20.0,871.0,739.0,3.0,2.0,47.0,28.0,2.0,2.0,7.0,5.0,3.0,1.0,1.0,3.0,2.0,0.0,,21.0,,0.0,1.0,0.0,,59.0,,4.0,,565.0,431.0,77.0,62.0,44.0,36.0,1.0,,3.0,1.0,14.0,12.0,112.0,95.0,3885.0,3315.0,0.0,0.0,16.0,8.0,2.0,1.0,77.0,59.0,5.0,5.0,450.0,234.0,5.0,1.0,14.0,10.0,13.0,11.0,30.0,32.0,1015.0,665.0,3.0,2.0,0.364750282875198,0.2762511318043969
2025,4,2025-09-20T23:00:00.000Z,Middle Tennessee,Marshall,2.5,46.5,0.19751649636432247,2025-09-20 23:00:00+00:00,401757264,fbs,fbs,50.0,56.0,2.0,4.0,7.0,4.0,0.0,0.0,1.0,0.0,3.0,0.0,0.0,7.0,14.0,2.0,3.0,0.0,0.0,35.0,25.0,1.0,1.0,564.0,642.0,114.0,79.0,64.0,51.0,3.0,2.0,4.0,6.0,15.0,13.0,125.0,143.0,4912.0,5888.0,0.0,0.0,31.0,104.0,5.0,6.0,80.0,111.0,1.0,5.0,182.0,526.0,6.0,14.0,22.0,22.0,12.0,14.0,43.0,39.0,746.0,1168.0,2.0,3.0,40.0,55.0,2.0,3.0,5.0,3.0,2.0,0.0,0.0,2.0,3.0,0.0,0.0,94.0,5.0,1.0,3.0,0.0,0.0,101.0,63.0,6.0,3.0,326.0,728.0,59.0,88.0,32.0,49.0,3.0,1.0,2.0,7.0,19.0,17.0,157.0,175.0,5101.0,5699.0,0.0,0.0,138.0,41.0,9.0,6.0,121.0,110.0,6.0,3.0,532.0,336.0,11.0,4.0,25.0,13.0,12.0,15.0,46.0,45.0,858.0,1064.0,3.0,3.0,0.1720336450786123,0.3085420934569071
2025,4,2025-09-20T23:00:00.000Z,South Alabama,Coastal Carolina,-14.5,50.5,0.5168251653947077,2025-09-20 23:00:00+00:00,401761611,fbs,fbs,62.0,59.0,6.0,6.0,10.0,6.0,4.0,4.0,4.0,4.0,3.0,0.0,0.0,0.0,1.0,1.0,1.0,0.0,0.0,18.0,174.0,2.0,8.0,575.0,466.0,65.0,76.0,48.0,44.0,1.0,1.0,6.0,2.0,15.0,25.0,95.0,191.0,5000.0,5148.0,0.0,0.0,88.0,0.0,3.0,1.0,124.0,124.0,5.0,9.0,523.0,617.0,5.0,3.0,17.0,13.0,13.0,21.0,36.0,43.0,1098.0,1083.0,5.0,5.0,58.0,62.0,2.0,3.0,4.0,7.0,4.0,0.0,0.0,5.0,3.0,0.0,0.0,0.0,45.0,6.0,2.0,0.0,1.0,44.0,132.0,2.0,3.0,474.0,638.0,103.0,95.0,55.0,60.0,2.0,6.0,0.0,4.0,22.0,23.0,195.0,165.0,5287.0,5513.0,0.0,0.0,18.0,89.0,4.0,9.0,106.0,117.0,2.0,6.0,410.0,479.0,2.0,7.0,12.0,18.0,13.0,18.0,42.0,45.0,884.0,1117.0,10.0,2.0,0.44715536671508643,0.5096414366117135
2025,4,2025-09-20T23:00:00.000Z,Western Kentucky,Nevada,-10.5,54.5,0.5383622497351763,2025-09-20 23:00:00+00:00,401757268,fbs,fbs,70.0,52.0,1.0,0.0,5.0,7.0,3.0,1.0,1.0,3.0,3.0,0.0,1.0,6.0,37.0,1.0,2.0,0.0,0.0,83.0,46.0,4.0,4.0,1074.0,515.0,129.0,86.0,87.0,47.0,2.0,1.0,11.0,3.0,18.0,23.0,192.0,209.0,5382.0,5418.0,0.0,0.0,7.0,27.0,3.0,7.0,95.0,110.0,4.0,4.0,329.0,633.0,4.0,4.0,17.0,13.0,22.0,12.0,45.0,43.0,1403.0,1148.0,4.0,3.0,52.0,63.0,4.0,4.0,7.0,7.0,2.0,0.0,0.0,2.0,3.0,1.0,0.0,50.0,41.0,5.0,2.0,0.0,0.0,106.0,88.0,5.0,2.0,435.0,775.0,67.0,99.0,37.0,70.0,2.0,5.0,2.0,3.0,14.0,21.0,131.0,166.0,5276.0,5524.0,0.0,0.0,53.0,9.0,5.0,4.0,113.0,107.0,1.0,6.0,551.0,386.0,8.0,6.0,19.0,22.0,11.0,15.0,36.0,42.0,986.0,1161.0,7.0,2.0,0.34275897717597587,0.4054070603644818
2025,4,2025-09-20T23:00:00.000Z,Missouri,South Carolina,-10.5,48.5,0.40391520372976614,2025-09-20 23:00:00+00:00,401752713,fbs,fbs,85.0,32.0,6.0,3.0,7.0,3.0,1.0,1.0,1.0,1.0,3.0,1.0,0.0,83.0,1.0,1.0,2.0,0.0,0.0,89.0,231.0,5.0,15.0,854.0,300.0,94.0,67.0,73.0,33.0,2.0,1.0,8.0,3.0,18.0,13.0,175.0,102.0,6807.0,3993.0,0.0,0.0,73.0,21.0,8.0,1.0,147.0,80.0,11.0,2.0,907.0,274.0,7.0,7.0,22.0,13.0,28.0,6.0,45.0,35.0,1761.0,574.0,2.0,3.0,52.0,54.0,4.0,1.0,6.0,3.0,2.0,1.0,1.0,2.0,3.0,0.0,0.0,45.0,18.0,2.0,3.0,0.0,0.0,54.0,102.0,2.0,6.0,579.0,606.0,73.0,89.0,47.0,51.0,3.0,2.0,2.0,3.0,23.0,14.0,184.0,135.0,4521.0,6279.0,3.0,0.0,207.0,12.0,7.0,4.0,99.0,108.0,3.0,2.0,336.0,323.0,7.0,8.0,16.0,20.0,11.0,20.0,36.0,46.0,915.0,929.0,4.0,4.0,0.29874228208257375,0.3234591405844145
2025,4,2025-09-20T23:30:00.000Z,Louisiana Tech,Southern Miss,-4.0,50.5,0.26093315126918254,2025-09-20 23:30:00+00:00,401757263,fbs,fbs,54.0,57.0,1.0,0.0,2.0,2.0,0.0,2.0,2.0,0.0,3.0,0.0,0.0,54.0,0.0,1.0,5.0,0.0,0.0,98.0,61.0,5.0,2.0,447.0,663.0,65.0,105.0,40.0,58.0,5.0,1.0,4.0,3.0,28.0,23.0,281.0,195.0,5445.0,5355.0,0.0,0.0,72.0,47.0,8.0,7.0,122.0,94.0,4.0,1.0,545.0,284.0,8.0,6.0,24.0,19.0,17.0,19.0,42.0,43.0,992.0,947.0,1.0,7.0,61.0,69.0,1.0,3.0,3.0,5.0,0.0,0.0,0.0,0.0,3.0,1.0,0.0,160.0,0.0,2.0,6.0,0.0,0.0,86.0,140.0,3.0,4.0,702.0,783.0,102.0,117.0,70.0,72.0,6.0,2.0,7.0,2.0,21.0,33.0,177.0,271.0,4908.0,5885.0,1.0,0.0,72.0,13.0,6.0,4.0,96.0,122.0,3.0,7.0,351.0,474.0,9.0,4.0,17.0,15.0,18.0,22.0,39.0,51.0,1053.0,1257.0,2.0,6.0,0.3889126028882889,0.34458950320412535
2025,4,2025-09-20T23:30:00.000Z,Virginia,Stanford,-16.5,49.5,0.6454420114557748,2025-09-20 23:30:00+00:00,401754539,fbs,fbs,77.0,42.0,4.0,3.0,9.0,6.0,0.0,1.0,2.0,0.0,3.0,0.0,0.0,10.0,15.0,2.0,1.0,1.0,0.0,182.0,116.0,4.0,6.0,868.0,567.0,114.0,85.0,75.0,49.0,1.0,2.0,4.0,2.0,15.0,10.0,105.0,86.0,6214.0,4586.0,0.0,0.0,129.0,8.0,11.0,1.0,126.0,86.0,12.0,6.0,813.0,377.0,4.0,0.0,12.0,11.0,31.0,4.0,53.0,34.0,1681.0,944.0,2.0,2.0,48.0,57.0,4.0,1.0,6.0,4.0,1.0,3.0,3.0,1.0,3.0,1.0,0.0,19.0,50.0,3.0,1.0,0.0,0.0,115.0,103.0,7.0,4.0,437.0,718.0,84.0,111.0,45.0,74.0,1.0,3.0,1.0,3.0,17.0,17.0,145.0,135.0,5575.0,5225.0,0.0,0.0,7.0,86.0,2.0,5.0,101.0,88.0,2.0,3.0,419.0,309.0,9.0,5.0,16.0,13.0,15.0,13.0,44.0,37.0,856.0,1027.0,4.0,4.0,0.5069937758834947,0.31703819463058713
2025,4,2025-09-20T23:30:00.000Z,East Carolina,BYU,6.5,49.5,0.2131980890485491,2025-09-20 23:30:00+00:00,401756898,fbs,fbs,74.0,53.0,2.0,1.0,8.0,2.0,0.0,5.0,5.0,0.0,3.0,0.0,0.0,55.0,0.0,1.0,3.0,0.0,0.0,48.0,113.0,2.0,5.0,1039.0,637.0,126.0,109.0,90.0,65.0,3.0,1.0,6.0,1.0,26.0,17.0,220.0,143.0,5372.0,5428.0,0.0,0.0,67.0,16.0,6.0,2.0,115.0,89.0,9.0,2.0,406.0,176.0,8.0,1.0,28.0,13.0,28.0,14.0,49.0,43.0,1445.0,813.0,1.0,8.0,46.0,15.0,2.0,2.0,3.0,3.0,1.0,2.0,2.0,1.0,2.0,0.0,,50.0,,0.0,2.0,0.0,0.0,44.0,56.0,1.0,4.0,313.0,198.0,45.0,52.0,29.0,27.0,2.0,,3.0,0.0,9.0,10.0,90.0,65.0,4158.0,3042.0,0.0,,126.0,,10.0,,89.0,46.0,7.0,0.0,625.0,16.0,5.0,3.0,17.0,6.0,11.0,3.0,24.0,26.0,938.0,214.0,1.0,4.0,0.23249081460465942,0.368842986029894
2025,4,2025-09-20T23:30:00.000Z,Indiana,Illinois,-6.0,52.5,0.24477806988255002,2025-09-20 23:30:00+00:00,401752843,fbs,fbs,91.0,25.0,1.0,0.0,4.0,2.0,1.0,1.0,1.0,1.0,3.0,0.0,,57.0,,0.0,4.0,0.0,0.0,79.0,99.0,3.0,5.0,852.0,316.0,90.0,63.0,65.0,35.0,4.0,,12.0,0.0,13.0,12.0,110.0,99.0,6455.0,4330.0,1.0,0.0,222.0,9.0,11.0,2.0,132.0,86.0,8.0,2.0,926.0,346.0,8.0,1.0,33.0,9.0,21.0,8.0,34.0,37.0,1778.0,662.0,1.0,5.0,66.0,44.0,4.0,1.0,4.0,6.0,0.0,5.0,5.0,0.0,3.0,0.0,,-1.0,,0.0,1.0,0.0,0.0,25.0,20.0,2.0,1.0,723.0,581.0,79.0,92.0,57.0,52.0,1.0,,8.0,2.0,17.0,20.0,157.0,196.0,6027.0,4773.0,1.0,0.0,152.0,4.0,6.0,2.0,116.0,84.0,9.0,0.0,494.0,224.0,9.0,9.0,19.0,20.0,16.0,12.0,34.0,38.0,1217.0,805.0,0.0,6.0,0.232231955543137,0.19545135264250518
2025,4,2025-09-20T23:30:00.000Z,Vanderbilt,Georgia State,-27.5,53.5,0.6866412736315122,2025-09-20 23:30:00+00:00,401752716,fbs,fbs,70.0,43.0,2.0,3.0,2.0,6.0,1.0,4.0,4.0,1.0,3.0,0.0,0.0,18.0,20.0,2.0,3.0,0.0,0.0,69.0,58.0,3.0,2.0,685.0,464.0,74.0,82.0,53.0,51.0,3.0,2.0,8.0,1.0,22.0,16.0,177.0,169.0,6004.0,4796.0,0.0,0.0,11.0,11.0,2.0,1.0,105.0,87.0,8.0,2.0,609.0,247.0,8.0,2.0,22.0,9.0,17.0,13.0,28.0,39.0,1294.0,711.0,3.0,7.0,47.0,76.0,5.0,3.0,9.0,5.0,1.0,1.0,1.0,1.0,3.0,0.0,1.0,25.0,32.0,4.0,2.0,0.0,,184.0,,11.0,,697.0,755.0,96.0,87.0,62.0,59.0,2.0,4.0,6.0,5.0,30.0,17.0,242.0,141.0,5546.0,5254.0,0.0,0.0,-4.0,143.0,1.0,8.0,94.0,126.0,2.0,10.0,406.0,623.0,5.0,4.0,21.0,16.0,13.0,17.0,41.0,37.0,1103.0,1378.0,5.0,3.0,0.35001569511313374,0.365739440955745
2025,4,2025-09-20T23:30:00.000Z,Baylor,Arizona State,-2.5,60.0,0.45182622762103675,2025-09-20 23:30:00+00:00,401756896,fbs,fbs,84.0,58.0,8.0,2.0,15.0,2.0,2.0,1.0,1.0,2.0,3.0,0.0,0.0,0.0,22.0,2.0,4.0,0.0,1.0,215.0,136.0,10.0,3.0,1104.0,503.0,142.0,64.0,89.0,40.0,4.0,2.0,10.0,4.0,16.0,19.0,164.0,181.0,5604.0,5196.0,0.0,0.0,0.0,4.0,4.0,2.0,111.0,129.0,5.0,7.0,448.0,565.0,5.0,6.0,13.0,14.0,17.0,14.0,46.0,38.0,1552.0,1068.0,4.0,5.0,65.0,58.0,6.0,7.0,9.0,13.0,0.0,2.0,2.0,0.0,3.0,0.0,0.0,0.0,10.0,3.0,1.0,0.0,0.0,78.0,166.0,4.0,7.0,527.0,705.0,87.0,111.0,50.0,70.0,1.0,3.0,5.0,5.0,25.0,13.0,182.0,115.0,5826.0,4974.0,0.0,0.0,31.0,58.0,2.0,6.0,114.0,101.0,6.0,2.0,699.0,274.0,11.0,7.0,24.0,16.0,9.0,13.0,37.0,45.0,1226.0,979.0,3.0,3.0,0.2858606978430108,0.43593031151522826
2025,4,2025-09-20T23:30:00.000Z,Miami,Florida,-7.5,51.0,0.5157082126536958,2025-09-20 23:30:00+00:00,401752709,fbs,fbs,78.0,47.0,2.0,0.0,4.0,3.0,0.0,3.0,3.0,0.0,3.0,0.0,0.0,12.0,27.0,2.0,3.0,0.0,0.0,57.0,15.0,2.0,1.0,920.0,612.0,97.0,89.0,75.0,57.0,3.0,2.0,7.0,3.0,19.0,9.0,170.0,65.0,5883.0,4917.0,0.0,0.0,38.0,9.0,5.0,3.0,105.0,87.0,9.0,1.0,531.0,226.0,6.0,4.0,19.0,7.0,16.0,12.0,31.0,39.0,1451.0,838.0,2.0,6.0,71.0,32.0,1.0,1.0,1.0,2.0,0.0,2.0,2.0,0.0,3.0,0.0,1.0,7.0,82.0,6.0,1.0,0.0,0.0,25.0,92.0,1.0,4.0,760.0,532.0,118.0,74.0,83.0,42.0,1.0,6.0,7.0,2.0,18.0,28.0,160.0,243.0,6386.0,4414.0,0.0,0.0,128.0,23.0,7.0,2.0,96.0,83.0,1.0,0.0,412.0,267.0,1.0,5.0,13.0,21.0,17.0,11.0,42.0,42.0,1172.0,799.0,6.0,3.0,0.3571807395500007,0.24283410711769302
2025,4,2025-09-20T23:30:00.000Z,Washington State,Washington,20.0,52.5,0.05213480228889335,2025-09-20 23:30:00+00:00,401752842,fbs,fbs,49.0,50.0,5.0,3.0,6.0,6.0,3.0,2.0,2.0,3.0,3.0,,0.0,,103.0,3.0,0.0,0.0,0.0,134.0,45.0,7.0,2.0,676.0,413.0,108.0,84.0,74.0,56.0,,3.0,4.0,5.0,21.0,16.0,157.0,140.0,5481.0,5319.0,0.0,0.0,21.0,10.0,3.0,4.0,83.0,104.0,2.0,6.0,212.0,433.0,4.0,4.0,14.0,17.0,16.0,13.0,44.0,37.0,888.0,846.0,6.0,2.0,60.0,30.0,3.0,4.0,3.0,6.0,1.0,0.0,0.0,1.0,2.0,0.0,,0.0,,0.0,2.0,0.0,0.0,141.0,119.0,6.0,6.0,530.0,322.0,54.0,61.0,37.0,31.0,2.0,,2.0,2.0,11.0,14.0,99.0,85.0,4312.0,2888.0,1.0,,106.0,,4.0,,97.0,51.0,12.0,2.0,607.0,161.0,5.0,3.0,10.0,6.0,19.0,7.0,27.0,25.0,1137.0,483.0,1.0,2.0,0.25802448856533,0.22823522533884993
2025,4,2025-09-21T00:00:00.000Z,Texas,Sam Houston,-39.5,51.5,0.3395395433621693,2025-09-21 00:00:00+00:00,401752723,fbs,fbs,57.0,40.0,5.0,1.0,12.0,7.0,1.0,3.0,3.0,1.0,3.0,0.0,0.0,16.0,51.0,3.0,3.0,0.0,0.0,94.0,0.0,6.0,1.0,601.0,523.0,88.0,99.0,49.0,58.0,3.0,3.0,6.0,1.0,25.0,11.0,243.0,63.0,5697.0,5103.0,0.0,0.0,75.0,26.0,5.0,4.0,124.0,86.0,3.0,3.0,548.0,212.0,4.0,2.0,10.0,10.0,12.0,11.0,42.0,42.0,1149.0,735.0,4.0,6.0,53.0,70.0,3.0,4.0,10.0,5.0,0.0,3.0,3.0,0.0,3.0,1.0,2.0,66.0,99.0,3.0,2.0,0.0,0.0,140.0,163.0,7.0,7.0,555.0,944.0,93.0,117.0,56.0,79.0,2.0,3.0,2.0,8.0,21.0,16.0,204.0,182.0,5069.0,5731.0,0.0,0.0,27.0,1.0,4.0,2.0,97.0,102.0,4.0,4.0,407.0,383.0,6.0,9.0,15.0,22.0,5.0,22.0,37.0,45.0,962.0,1327.0,3.0,5.0,0.25608764936350487,0.4756338931877788
2025,4,2025-09-21T01:00:00.000Z,UTEP,UL Monroe,-5.5,47.0,0.506189783426154,2025-09-21 01:00:00+00:00,401757267,fbs,fbs,46.0,60.0,2.0,4.0,5.0,11.0,1.0,1.0,1.0,1.0,3.0,0.0,0.0,5.0,16.0,3.0,1.0,0.0,0.0,113.0,172.0,7.0,10.0,668.0,642.0,101.0,89.0,62.0,54.0,1.0,3.0,5.0,3.0,17.0,24.0,136.0,186.0,4428.0,6372.0,0.0,0.0,52.0,125.0,9.0,13.0,83.0,126.0,4.0,5.0,347.0,432.0,10.0,7.0,28.0,19.0,12.0,11.0,40.0,45.0,1015.0,1074.0,4.0,2.0,31.0,36.0,2.0,2.0,3.0,3.0,2.0,0.0,0.0,2.0,2.0,0.0,0.0,0.0,22.0,2.0,1.0,0.0,0.0,33.0,55.0,5.0,7.0,178.0,421.0,44.0,53.0,24.0,41.0,1.0,2.0,2.0,7.0,9.0,11.0,86.0,113.0,3395.0,3805.0,0.0,0.0,28.0,45.0,3.0,2.0,75.0,63.0,2.0,3.0,404.0,293.0,3.0,2.0,7.0,20.0,11.0,11.0,26.0,24.0,582.0,714.0,4.0,1.0,0.4039082235396475,0.37908397005428207
2025,4,2025-09-21T01:30:00.000Z,Colorado State,UTSA,4.5,59.5,0.4048405989117555,2025-09-21 01:30:00+00:00,401760373,fbs,fbs,44.0,43.0,3.0,3.0,6.0,3.0,4.0,2.0,2.0,4.0,2.0,0.0,0.0,16.0,0.0,2.0,1.0,0.0,0.0,95.0,113.0,4.0,4.0,321.0,386.0,59.0,52.0,31.0,35.0,1.0,2.0,1.0,1.0,15.0,11.0,114.0,78.0,3233.0,3967.0,0.0,0.0,36.0,11.0,3.0,2.0,73.0,85.0,5.0,6.0,315.0,346.0,3.0,3.0,11.0,10.0,8.0,11.0,23.0,28.0,636.0,732.0,6.0,3.0,64.0,57.0,3.0,2.0,8.0,3.0,0.0,2.0,2.0,0.0,3.0,0.0,,27.0,,0.0,3.0,0.0,0.0,106.0,198.0,5.0,7.0,627.0,901.0,112.0,101.0,73.0,66.0,3.0,,7.0,8.0,16.0,20.0,154.0,193.0,5896.0,4904.0,0.0,1.0,12.0,153.0,2.0,7.0,101.0,93.0,7.0,5.0,685.0,318.0,5.0,2.0,17.0,23.0,16.0,15.0,44.0,41.0,1312.0,1219.0,0.0,5.0,0.36213947556553244,0.2855817186959269
2025,4,2025-09-21T02:15:00.000Z,Colorado,Wyoming,-13.5,44.5,0.2941172579105268,2025-09-21 02:15:00+00:00,401756897,fbs,fbs,55.0,67.0,3.0,4.0,4.0,7.0,0.0,3.0,4.0,0.0,3.0,0.0,0.0,2.0,40.0,2.0,2.0,0.0,0.0,173.0,21.0,7.0,1.0,630.0,677.0,94.0,81.0,58.0,46.0,2.0,2.0,4.0,1.0,15.0,15.0,130.0,131.0,5029.0,5771.0,0.0,0.0,25.0,44.0,2.0,5.0,90.0,129.0,5.0,6.0,377.0,614.0,5.0,9.0,14.0,24.0,16.0,15.0,43.0,39.0,1007.0,1291.0,2.0,5.0,59.0,57.0,3.0,3.0,5.0,4.0,2.0,1.0,1.0,2.0,3.0,0.0,0.0,16.0,57.0,2.0,3.0,,0.0,,109.0,,5.0,558.0,480.0,85.0,108.0,51.0,59.0,3.0,2.0,3.0,2.0,25.0,24.0,200.0,214.0,5225.0,5575.0,0.0,0.0,68.0,37.0,7.0,3.0,110.0,102.0,3.0,3.0,476.0,459.0,6.0,6.0,8.0,17.0,16.0,17.0,42.0,46.0,1034.0,939.0,4.0,4.0,0.2296935305148991,0.3903722614157771
2025,4,2025-09-21T02:30:00.000Z,San Diego State,California,12.5,47.5,0.159553355194146,2025-09-21 02:30:00+00:00,401754540,fbs,fbs,34.0,25.0,4.0,3.0,8.0,5.0,0.0,0.0,,0.0,2.0,,,,,0.0,0.0,,0.0,,79.0,,4.0,369.0,303.0,59.0,67.0,31.0,37.0,,,2.0,3.0,13.0,12.0,103.0,83.0,3739.0,3461.0,0.0,0.0,93.0,21.0,10.0,3.0,84.0,61.0,5.0,1.0,310.0,194.0,3.0,3.0,8.0,10.0,11.0,7.0,32.0,33.0,668.0,497.0,0.0,0.0,56.0,51.0,3.0,1.0,6.0,4.0,1.0,2.0,2.0,1.0,3.0,0.0,0.0,69.0,17.0,1.0,3.0,0.0,0.0,130.0,202.0,5.0,10.0,799.0,593.0,108.0,102.0,72.0,61.0,3.0,1.0,7.0,1.0,21.0,21.0,179.0,180.0,5270.0,5530.0,0.0,0.0,123.0,10.0,9.0,4.0,90.0,86.0,4.0,3.0,364.0,247.0,5.0,4.0,16.0,13.0,14.0,13.0,38.0,40.0,1163.0,840.0,2.0,5.0,0.30662395784662855,0.2742674724923929
2025,4,2025-09-21T03:00:00.000Z,USC,Michigan State,-17.5,56.5,0.5679239224906774,2025-09-21 03:00:00+00:00,401752847,fbs,fbs,77.0,60.0,4.0,5.0,4.0,6.0,2.0,1.0,1.0,2.0,3.0,2.0,,179.0,,0.0,6.0,0.0,0.0,113.0,118.0,6.0,6.0,1092.0,699.0,85.0,112.0,61.0,68.0,6.0,,7.0,5.0,22.0,12.0,241.0,121.0,5508.0,5292.0,0.0,0.0,2.0,1.0,1.0,2.0,102.0,90.0,12.0,1.0,721.0,259.0,14.0,3.0,31.0,13.0,15.0,14.0,29.0,43.0,1813.0,958.0,2.0,7.0,64.0,49.0,3.0,3.0,5.0,6.0,2.0,1.0,1.0,2.0,3.0,0.0,1.0,0.0,37.0,2.0,2.0,0.0,0.0,147.0,111.0,5.0,6.0,656.0,820.0,82.0,113.0,58.0,74.0,2.0,2.0,6.0,6.0,13.0,16.0,105.0,102.0,5801.0,4999.0,0.0,0.0,118.0,10.0,6.0,3.0,112.0,75.0,7.0,2.0,504.0,193.0,6.0,8.0,22.0,23.0,15.0,15.0,35.0,39.0,1160.0,1013.0,4.0,3.0,0.26825363339498365,0.36643476208018944
2025,4,2025-09-21T03:59:00.000Z,Hawai'i,Fresno State,2.5,48.0,0.24508524764619546,2025-09-21 03:59:00+00:00,401760374,fbs,fbs,83.0,72.0,5.0,4.0,7.0,8.0,4.0,0.0,0.0,4.0,4.0,1.0,1.0,45.0,101.0,4.0,3.0,0.0,0.0,84.0,144.0,4.0,9.0,977.0,618.0,175.0,116.0,107.0,69.0,3.0,4.0,7.0,2.0,34.0,31.0,346.0,294.0,7597.0,6803.0,0.0,0.0,13.0,83.0,1.0,7.0,115.0,128.0,0.0,5.0,396.0,494.0,9.0,14.0,19.0,21.0,22.0,17.0,60.0,52.0,1373.0,1112.0,8.0,3.0,88.0,72.0,2.0,3.0,3.0,5.0,3.0,0.0,0.0,3.0,4.0,1.0,0.0,61.0,31.0,5.0,3.0,0.0,0.0,156.0,204.0,7.0,13.0,758.0,853.0,104.0,115.0,76.0,77.0,3.0,5.0,4.0,9.0,18.0,36.0,180.0,291.0,7333.0,7066.0,1.0,0.0,98.0,5.0,9.0,2.0,141.0,119.0,12.0,2.0,812.0,458.0,6.0,4.0,19.0,19.0,22.0,19.0,43.0,50.0,1570.0,1311.0,8.0,3.0,0.309363607317103,0.3063136749757294
2025,5,2025-09-27T19:30:00.000Z,Ole Miss,LSU,2.25,56.5,0.26548797062981083,2025-09-27 19:30:00+00:00,401752719,fbs,fbs,78.0,58.0,2.0,3.0,2.0,7.0,0.0,1.0,1.0,0.0,3.0,0.0,0.0,1.0,50.0,4.0,1.0,,0.0,,39.0,,2.0,992.0,561.0,91.0,93.0,59.0,50.0,1.0,4.0,6.0,2.0,22.0,21.0,200.0,178.0,4992.0,5808.0,0.0,0.0,71.0,-2.0,6.0,1.0,131.0,109.0,10.0,6.0,635.0,584.0,4.0,3.0,11.0,15.0,19.0,16.0,38.0,43.0,1627.0,1145.0,4.0,2.0,62.0,48.0,0.0,4.0,1.0,6.0,2.0,0.0,0.0,2.0,3.0,1.0,0.0,82.0,7.0,2.0,6.0,0.0,0.0,83.0,16.0,3.0,1.0,705.0,613.0,107.0,113.0,70.0,67.0,6.0,2.0,3.0,2.0,22.0,25.0,190.0,244.0,5776.0,5024.0,0.0,0.0,60.0,76.0,4.0,6.0,87.0,74.0,2.0,1.0,338.0,168.0,7.0,4.0,14.0,19.0,17.0,12.0,41.0,43.0,1041.0,781.0,4.0,6.0,0.3234108651586288,0.29266888847563954
2025,5,2025-09-27T23:30:00.000Z,Georgia,Alabama,-4.0,52.5,0.4778064891265151,2025-09-27 23:30:00+00:00,401752718,fbs,fbs,81.0,40.0,5.0,1.0,5.0,2.0,3.0,0.0,0.0,3.0,3.0,0.0,0.0,0.0,38.0,1.0,3.0,0.0,0.0,48.0,52.0,2.0,3.0,784.0,651.0,100.0,80.0,69.0,51.0,3.0,1.0,5.0,4.0,10.0,19.0,78.0,134.0,6196.0,4604.0,0.0,0.0,47.0,14.0,6.0,3.0,139.0,93.0,10.0,2.0,627.0,248.0,3.0,3.0,13.0,15.0,21.0,11.0,46.0,40.0,1411.0,899.0,4.0,3.0,69.0,43.0,5.0,3.0,9.0,4.0,0.0,3.0,3.0,0.0,3.0,0.0,,8.0,,0.0,3.0,0.0,1.0,1.0,143.0,1.0,7.0,1007.0,324.0,106.0,49.0,76.0,30.0,3.0,,13.0,1.0,20.0,14.0,182.0,146.0,5568.0,5232.0,0.0,0.0,64.0,3.0,5.0,1.0,87.0,115.0,4.0,4.0,371.0,415.0,5.0,4.0,19.0,10.0,17.0,17.0,37.0,37.0,1378.0,739.0,0.0,6.0,0.2992252555111982,0.2728322081592798
2025,5,2025-09-27T23:30:00.000Z,Penn State,Oregon,-6.0,52.5,0.15730434306800664,2025-09-27 23:30:00+00:00,401752854,fbs,fbs,73.0,38.0,5.0,6.0,8.0,9.0,0.0,3.0,3.0,0.0,3.0,1.0,0.0,78.0,0.0,1.0,4.0,0.0,0.0,123.0,164.0,4.0,8.0,731.0,370.0,99.0,81.0,65.0,42.0,4.0,1.0,5.0,2.0,11.0,11.0,80.0,83.0,5259.0,5541.0,0.0,0.0,75.0,10.0,10.0,2.0,105.0,105.0,9.0,0.0,581.0,303.0,8.0,3.0,29.0,8.0,14.0,16.0,36.0,46.0,1312.0,673.0,1.0,7.0,74.0,41.0,3.0,4.0,4.0,7.0,0.0,0.0,0.0,0.0,3.0,2.0,0.0,123.0,-1.0,1.0,4.0,0.0,0.0,91.0,123.0,4.0,6.0,769.0,400.0,76.0,72.0,56.0,41.0,4.0,1.0,7.0,0.0,9.0,19.0,64.0,126.0,5191.0,5612.0,0.0,,58.0,,6.0,,106.0,106.0,13.0,3.0,741.0,368.0,7.0,0.0,15.0,7.0,21.0,10.0,33.0,39.0,1510.0,768.0,1.0,4.0,0.20184650357018355,0.26156674342261915
2025,6,2025-10-04T04:00:00.000Z,Florida,Texas,6.5,51.5,0.2676463106829318,2025-10-04 04:00:00+00:00,401752727,fbs,fbs,71.0,32.0,1.0,1.0,1.0,2.0,0.0,2.0,2.0,0.0,3.0,0.0,1.0,7.0,82.0,6.0,1.0,0.0,0.0,25.0,92.0,1.0,4.0,760.0,532.0,118.0,74.0,83.0,42.0,1.0,6.0,7.0,2.0,18.0,28.0,160.0,243.0,6386.0,4414.0,0.0,0.0,128.0,23.0,7.0,2.0,96.0,83.0,1.0,0.0,412.0,267.0,1.0,5.0,13.0,21.0,17.0,11.0,42.0,42.0,1172.0,799.0,6.0,3.0,57.0,40.0,5.0,1.0,12.0,7.0,1.0,3.0,3.0,1.0,3.0,0.0,0.0,16.0,51.0,3.0,3.0,0.0,0.0,94.0,0.0,6.0,1.0,601.0,523.0,88.0,99.0,49.0,58.0,3.0,3.0,6.0,1.0,25.0,11.0,243.0,63.0,5697.0,5103.0,0.0,0.0,75.0,26.0,5.0,4.0,124.0,86.0,3.0,3.0,548.0,212.0,4.0,2.0,10.0,10.0,12.0,11.0,42.0,42.0,1149.0,735.0,4.0,6.0,0.33813176365728925,0.3062911855993616
2025,6,2025-10-04T04:00:00.000Z,Alabama,Vanderbilt,-24.0,51.5,0.7208226650485681,2025-10-04 04:00:00+00:00,401752726,fbs,fbs,69.0,43.0,5.0,3.0,9.0,4.0,0.0,3.0,3.0,0.0,3.0,0.0,,8.0,,0.0,3.0,0.0,1.0,1.0,143.0,1.0,7.0,1007.0,324.0,106.0,49.0,76.0,30.0,3.0,,13.0,1.0,20.0,14.0,182.0,146.0,5568.0,5232.0,0.0,0.0,64.0,3.0,5.0,1.0,87.0,115.0,4.0,4.0,371.0,415.0,5.0,4.0,19.0,10.0,17.0,17.0,37.0,37.0,1378.0,739.0,0.0,6.0,70.0,43.0,2.0,3.0,2.0,6.0,1.0,4.0,4.0,1.0,3.0,0.0,0.0,18.0,20.0,2.0,3.0,0.0,0.0,69.0,58.0,3.0,2.0,685.0,464.0,74.0,82.0,53.0,51.0,3.0,2.0,8.0,1.0,22.0,16.0,177.0,169.0,6004.0,4796.0,0.0,0.0,11.0,11.0,2.0,1.0,105.0,87.0,8.0,2.0,609.0,247.0,8.0,2.0,22.0,9.0,17.0,13.0,28.0,39.0,1294.0,711.0,3.0,7.0,0.28487665720800315,0.276555911285786
2025,6,2025-10-04T04:00:00.000Z,Florida State,Miami,5.75,53.5,0.1530463031773286,2025-10-04 04:00:00+00:00,401754553,fbs,fbs,49.0,27.0,5.0,2.0,5.0,6.0,2.0,0.0,0.0,2.0,2.0,0.0,,48.0,,0.0,2.0,0.0,,55.0,,3.0,,520.0,346.0,34.0,56.0,25.0,30.0,2.0,,6.0,2.0,7.0,15.0,75.0,125.0,3741.0,3459.0,0.0,,28.0,,3.0,,100.0,65.0,9.0,0.0,591.0,192.0,6.0,2.0,16.0,8.0,15.0,9.0,26.0,29.0,1111.0,538.0,2.0,2.0,78.0,47.0,2.0,0.0,4.0,3.0,0.0,3.0,3.0,0.0,3.0,0.0,0.0,12.0,27.0,2.0,3.0,0.0,0.0,57.0,15.0,2.0,1.0,920.0,612.0,97.0,89.0,75.0,57.0,3.0,2.0,7.0,3.0,19.0,9.0,170.0,65.0,5883.0,4917.0,0.0,0.0,38.0,9.0,5.0,3.0,105.0,87.0,9.0,1.0,531.0,226.0,6.0,4.0,19.0,7.0,16.0,12.0,31.0,39.0,1451.0,838.0,2.0,6.0,0.2567566902267061,0.24118779621067168
2025,6,2025-10-04T19:30:00.000Z,Notre Dame,Boise State,-16.25,53.5,0.6931911828215834,2025-10-04 19:30:00+00:00,401757165,fbs,fbs,41.0,44.0,2.0,2.0,4.0,3.0,1.0,0.0,0.0,1.0,2.0,0.0,0.0,0.0,15.0,2.0,1.0,0.0,0.0,54.0,87.0,3.0,3.0,514.0,565.0,62.0,68.0,39.0,37.0,1.0,2.0,3.0,4.0,10.0,19.0,61.0,137.0,3550.0,3650.0,1.0,0.0,65.0,9.0,5.0,1.0,66.0,69.0,4.0,4.0,230.0,255.0,1.0,5.0,4.0,13.0,11.0,9.0,24.0,25.0,744.0,820.0,3.0,1.0,47.0,28.0,2.0,2.0,7.0,5.0,3.0,1.0,1.0,3.0,2.0,0.0,,21.0,,0.0,1.0,0.0,,59.0,,4.0,,565.0,431.0,77.0,62.0,44.0,36.0,1.0,,3.0,1.0,14.0,12.0,112.0,95.0,3885.0,3315.0,0.0,0.0,16.0,8.0,2.0,1.0,77.0,59.0,5.0,5.0,450.0,234.0,5.0,1.0,14.0,10.0,13.0,11.0,30.0,32.0,1015.0,665.0,3.0,2.0,0.25413694813581517,0.2823971705661456
2025,7,2025-10-11T04:00:00.000Z,Auburn,Georgia,6.5,50.5,0.20223131442156322,2025-10-11 04:00:00+00:00,401752731,fbs,fbs,71.0,49.0,5.0,7.0,5.0,11.0,1.0,2.0,2.0,1.0,3.0,0.0,,1.0,,0.0,1.0,1.0,0.0,194.0,134.0,5.0,6.0,521.0,660.0,74.0,90.0,50.0,55.0,1.0,,4.0,5.0,21.0,18.0,191.0,147.0,5496.0,5304.0,0.0,,16.0,,4.0,,125.0,99.0,10.0,0.0,726.0,201.0,11.0,7.0,26.0,11.0,18.0,13.0,34.0,45.0,1247.0,861.0,1.0,3.0,81.0,40.0,5.0,1.0,5.0,2.0,3.0,0.0,0.0,3.0,3.0,0.0,0.0,0.0,38.0,1.0,3.0,0.0,0.0,48.0,52.0,2.0,3.0,784.0,651.0,100.0,80.0,69.0,51.0,3.0,1.0,5.0,4.0,10.0,19.0,78.0,134.0,6196.0,4604.0,0.0,0.0,47.0,14.0,6.0,3.0,139.0,93.0,10.0,2.0,627.0,248.0,3.0,3.0,13.0,15.0,21.0,11.0,46.0,40.0,1411.0,899.0,4.0,3.0,0.2916400037314491,0.2484713683283581
2025,7,2025-10-11T04:00:00.000Z,Illinois,Ohio State,13.5,50.5,0.07164085537455461,2025-10-11 04:00:00+00:00,401752865,fbs,fbs,66.0,44.0,4.0,1.0,4.0,6.0,0.0,5.0,5.0,0.0,3.0,0.0,,-1.0,,0.0,1.0,0.0,0.0,25.0,20.0,2.0,1.0,723.0,581.0,79.0,92.0,57.0,52.0,1.0,,8.0,2.0,17.0,20.0,157.0,196.0,6027.0,4773.0,1.0,0.0,152.0,4.0,6.0,2.0,116.0,84.0,9.0,0.0,494.0,224.0,9.0,9.0,19.0,20.0,16.0,12.0,34.0,38.0,1217.0,805.0,0.0,6.0,71.0,35.0,2.0,4.0,4.0,9.0,0.0,2.0,2.0,0.0,3.0,0.0,0.0,5.0,4.0,3.0,2.0,0.0,0.0,20.0,29.0,2.0,2.0,850.0,355.0,80.0,73.0,62.0,38.0,2.0,3.0,9.0,2.0,11.0,15.0,80.0,115.0,5743.0,5057.0,0.0,0.0,28.0,3.0,4.0,1.0,102.0,104.0,6.0,0.0,577.0,328.0,7.0,1.0,17.0,4.0,13.0,11.0,28.0,43.0,1427.0,683.0,3.0,4.0,0.30275636459698696,0.2619008335262727
2025,7,2025-10-11T04:00:00.000Z,Oregon,Indiana,-14.0,55.5,0.31900144669408453,2025-10-11 04:00:00+00:00,401752870,fbs,fbs,74.0,41.0,3.0,4.0,4.0,7.0,0.0,0.0,0.0,0.0,3.0,2.0,0.0,123.0,-1.0,1.0,4.0,0.0,0.0,91.0,123.0,4.0,6.0,769.0,400.0,76.0,72.0,56.0,41.0,4.0,1.0,7.0,0.0,9.0,19.0,64.0,126.0,5191.0,5612.0,0.0,,58.0,,6.0,,106.0,106.0,13.0,3.0,741.0,368.0,7.0,0.0,15.0,7.0,21.0,10.0,33.0,39.0,1510.0,768.0,1.0,4.0,91.0,25.0,1.0,0.0,4.0,2.0,1.0,1.0,1.0,1.0,3.0,0.0,,57.0,,0.0,4.0,0.0,0.0,79.0,99.0,3.0,5.0,852.0,316.0,90.0,63.0,65.0,35.0,4.0,,12.0,0.0,13.0,12.0,110.0,99.0,6455.0,4330.0,1.0,0.0,222.0,9.0,11.0,2.0,132.0,86.0,8.0,2.0,926.0,346.0,8.0,1.0,33.0,9.0,21.0,8.0,34.0,37.0,1778.0,662.0,1.0,5.0,0.20132939700738778,0.224753318963499
2025,7,2025-10-11T19:30:00.000Z,Texas,Oklahoma,-9.5,56.5,0.3504896469532303,2025-10-11 19:30:00+00:00,401752736,fbs,fbs,57.0,40.0,5.0,1.0,12.0,7.0,1.0,3.0,3.0,1.0,3.0,0.0,0.0,16.0,51.0,3.0,3.0,0.0,0.0,94.0,0.0,6.0,1.0,601.0,523.0,88.0,99.0,49.0,58.0,3.0,3.0,6.0,1.0,25.0,11.0,243.0,63.0,5697.0,5103.0,0.0,0.0,75.0,26.0,5.0,4.0,124.0,86.0,3.0,3.0,548.0,212.0,4.0,2.0,10.0,10.0,12.0,11.0,42.0,42.0,1149.0,735.0,4.0,6.0,75.0,27.0,3.0,0.0,4.0,1.0,2.0,0.0,0.0,1.0,3.0,,0.0,,0.0,3.0,0.0,0.0,0.0,17.0,60.0,4.0,5.0,949.0,254.0,108.0,71.0,72.0,33.0,,3.0,5.0,0.0,14.0,8.0,108.0,77.0,5844.0,4956.0,0.0,0.0,12.0,20.0,4.0,4.0,114.0,84.0,8.0,1.0,469.0,290.0,7.0,5.0,24.0,18.0,19.0,7.0,40.0,41.0,1418.0,544.0,5.0,0.0,0.2354561640306657,0.24858206085674606
2025,8,2025-10-18T04:00:00.000Z,Michigan,Washington,-10.5,47.5,0.2918527682052798,2025-10-18 04:00:00+00:00,401752873,fbs,fbs,67.0,51.0,1.0,3.0,4.0,7.0,1.0,2.0,1.0,1.0,3.0,0.0,0.0,0.0,0.0,1.0,5.0,0.0,0.0,122.0,82.0,6.0,8.0,628.0,547.0,80.0,102.0,46.0,64.0,5.0,1.0,2.0,3.0,15.0,7.0,142.0,59.0,5273.0,5527.0,0.0,0.0,8.0,2.0,7.0,3.0,116.0,99.0,12.0,2.0,737.0,270.0,8.0,3.0,23.0,12.0,17.0,20.0,38.0,46.0,1365.0,817.0,2.0,7.0,60.0,30.0,3.0,4.0,3.0,6.0,1.0,0.0,0.0,1.0,2.0,0.0,,0.0,,0.0,2.0,0.0,0.0,141.0,119.0,6.0,6.0,530.0,322.0,54.0,61.0,37.0,31.0,2.0,,2.0,2.0,11.0,14.0,99.0,85.0,4312.0,2888.0,1.0,,106.0,,4.0,,97.0,51.0,12.0,2.0,607.0,161.0,5.0,3.0,10.0,6.0,19.0,7.0,27.0,25.0,1137.0,483.0,1.0,2.0,0.19909632615668507,0.2662112510043045
2025,8,2025-10-18T04:00:00.000Z,Georgia,Ole Miss,-10.5,53.5,0.3133011250179127,2025-10-18 04:00:00+00:00,401752742,fbs,fbs,81.0,40.0,5.0,1.0,5.0,2.0,3.0,0.0,0.0,3.0,3.0,0.0,0.0,0.0,38.0,1.0,3.0,0.0,0.0,48.0,52.0,2.0,3.0,784.0,651.0,100.0,80.0,69.0,51.0,3.0,1.0,5.0,4.0,10.0,19.0,78.0,134.0,6196.0,4604.0,0.0,0.0,47.0,14.0,6.0,3.0,139.0,93.0,10.0,2.0,627.0,248.0,3.0,3.0,13.0,15.0,21.0,11.0,46.0,40.0,1411.0,899.0,4.0,3.0,78.0,58.0,2.0,3.0,2.0,7.0,0.0,1.0,1.0,0.0,3.0,0.0,0.0,1.0,50.0,4.0,1.0,,0.0,,39.0,,2.0,992.0,561.0,91.0,93.0,59.0,50.0,1.0,4.0,6.0,2.0,22.0,21.0,200.0,178.0,4992.0,5808.0,0.0,0.0,71.0,-2.0,6.0,1.0,131.0,109.0,10.0,6.0,635.0,584.0,4.0,3.0,11.0,15.0,19.0,16.0,38.0,43.0,1627.0,1145.0,4.0,2.0,0.15369079965320354,0.2977841564132545
2025,8,2025-10-18T04:00:00.000Z,Alabama,Tennessee,-12.0,52.5,0.2312966464388142,2025-10-18 04:00:00+00:00,401752738,fbs,fbs,69.0,43.0,5.0,3.0,9.0,4.0,0.0,3.0,3.0,0.0,3.0,0.0,,8.0,,0.0,3.0,0.0,1.0,1.0,143.0,1.0,7.0,1007.0,324.0,106.0,49.0,76.0,30.0,3.0,,13.0,1.0,20.0,14.0,182.0,146.0,5568.0,5232.0,0.0,0.0,64.0,3.0,5.0,1.0,87.0,115.0,4.0,4.0,371.0,415.0,5.0,4.0,19.0,10.0,17.0,17.0,37.0,37.0,1378.0,739.0,0.0,6.0,86.0,62.0,0.0,5.0,0.0,7.0,1.0,2.0,2.0,2.0,3.0,0.0,0.0,38.0,0.0,2.0,2.0,0.0,0.0,42.0,31.0,2.0,2.0,1076.0,745.0,116.0,103.0,78.0,65.0,2.0,2.0,11.0,4.0,23.0,17.0,192.0,117.0,5093.0,5707.0,0.0,0.0,120.0,12.0,9.0,1.0,121.0,127.0,8.0,7.0,647.0,350.0,11.0,1.0,20.0,8.0,22.0,15.0,38.0,46.0,1723.0,1095.0,3.0,4.0,0.17214393431131106,0.235882069058949
2025,8,2025-10-18T04:00:00.000Z,Iowa,Penn State,10.5,44.5,0.12914924248242868,2025-10-18 04:00:00+00:00,401752875,fbs,fbs,58.0,31.0,4.0,1.0,6.0,3.0,1.0,1.0,1.0,1.0,3.0,,0.0,,24.0,1.0,0.0,0.0,0.0,111.0,29.0,5.0,4.0,365.0,361.0,71.0,75.0,43.0,44.0,,1.0,4.0,2.0,7.0,9.0,63.0,62.0,5989.0,4811.0,1.0,0.0,238.0,34.0,7.0,3.0,132.0,78.0,6.0,1.0,642.0,173.0,7.0,6.0,19.0,12.0,25.0,10.0,46.0,36.0,1007.0,534.0,2.0,1.0,73.0,38.0,5.0,6.0,8.0,9.0,0.0,3.0,3.0,0.0,3.0,1.0,0.0,78.0,0.0,1.0,4.0,0.0,0.0,123.0,164.0,4.0,8.0,731.0,370.0,99.0,81.0,65.0,42.0,4.0,1.0,5.0,2.0,11.0,11.0,80.0,83.0,5259.0,5541.0,0.0,0.0,75.0,10.0,10.0,2.0,105.0,105.0,9.0,0.0,581.0,303.0,8.0,3.0,29.0,8.0,14.0,16.0,36.0,46.0,1312.0,673.0,1.0,7.0,0.18199919275328416,0.35016476859400425
2025,8,2025-10-18T23:30:00.000Z,Notre Dame,USC,-10.5,53.5,0.22627299398810943,2025-10-18 23:30:00+00:00,401752871,fbs,fbs,41.0,44.0,2.0,2.0,4.0,3.0,1.0,0.0,0.0,1.0,2.0,0.0,0.0,0.0,15.0,2.0,1.0,0.0,0.0,54.0,87.0,3.0,3.0,514.0,565.0,62.0,68.0,39.0,37.0,1.0,2.0,3.0,4.0,10.0,19.0,61.0,137.0,3550.0,3650.0,1.0,0.0,65.0,9.0,5.0,1.0,66.0,69.0,4.0,4.0,230.0,255.0,1.0,5.0,4.0,13.0,11.0,9.0,24.0,25.0,744.0,820.0,3.0,1.0,77.0,60.0,4.0,5.0,4.0,6.0,2.0,1.0,1.0,2.0,3.0,2.0,,179.0,,0.0,6.0,0.0,0.0,113.0,118.0,6.0,6.0,1092.0,699.0,85.0,112.0,61.0,68.0,6.0,,7.0,5.0,22.0,12.0,241.0,121.0,5508.0,5292.0,0.0,0.0,2.0,1.0,1.0,2.0,102.0,90.0,12.0,1.0,721.0,259.0,14.0,3.0,31.0,13.0,15.0,14.0,29.0,43.0,1813.0,958.0,2.0,7.0,0.13573597319697828,0.2505959544364811
2025,9,2025-10-25T04:00:00.000Z,Kansas,Kansas State,4.0,53.5,0.372522269673045,2025-10-25 04:00:00+00:00,401756932,fbs,fbs,67.0,47.0,5.0,6.0,7.0,8.0,1.0,2.0,2.0,1.0,3.0,0.0,0.0,0.0,0.0,2.0,2.0,0.0,0.0,120.0,49.0,6.0,3.0,745.0,603.0,84.0,88.0,59.0,61.0,2.0,2.0,9.0,4.0,17.0,21.0,137.0,190.0,5156.0,5644.0,0.0,0.0,83.0,16.0,11.0,5.0,101.0,104.0,4.0,3.0,495.0,351.0,10.0,4.0,26.0,12.0,9.0,19.0,31.0,48.0,1240.0,954.0,3.0,4.0,56.0,83.0,5.0,11.0,13.0,14.0,4.0,4.0,4.0,4.0,4.0,0.0,0.0,0.0,8.0,1.0,1.0,1.0,0.0,339.0,84.0,10.0,3.0,851.0,708.0,127.0,113.0,77.0,62.0,1.0,1.0,6.0,4.0,13.0,14.0,129.0,101.0,5850.0,8550.0,0.0,0.0,39.0,46.0,7.0,7.0,96.0,194.0,5.0,9.0,435.0,703.0,9.0,3.0,24.0,21.0,15.0,26.0,48.0,68.0,1286.0,1411.0,5.0,5.0,0.3108578466802375,0.28892086557464325
2025,9,2025-10-25T04:00:00.000Z,Utah,Colorado,-8.5,55.5,0.45897674336243693,2025-10-25 04:00:00+00:00,401756934,fbs,fbs,85.0,41.0,3.0,5.0,3.0,7.0,1.0,1.0,1.0,1.0,3.0,1.0,,127.0,,0.0,4.0,0.0,0.0,32.0,71.0,4.0,4.0,681.0,402.0,94.0,75.0,69.0,38.0,4.0,,7.0,1.0,20.0,12.0,180.0,95.0,6253.0,4547.0,0.0,0.0,86.0,-2.0,4.0,1.0,145.0,90.0,11.0,1.0,870.0,270.0,9.0,2.0,16.0,9.0,32.0,8.0,44.0,36.0,1551.0,672.0,1.0,5.0,55.0,67.0,3.0,4.0,4.0,7.0,0.0,3.0,4.0,0.0,3.0,0.0,0.0,2.0,40.0,2.0,2.0,0.0,0.0,173.0,21.0,7.0,1.0,630.0,677.0,94.0,81.0,58.0,46.0,2.0,2.0,4.0,1.0,15.0,15.0,130.0,131.0,5029.0,5771.0,0.0,0.0,25.0,44.0,2.0,5.0,90.0,129.0,5.0,6.0,377.0,614.0,5.0,9.0,14.0,24.0,16.0,15.0,43.0,39.0,1007.0,1291.0,2.0,5.0,0.43596852677390185,0.34118954098862614
2025,9,2025-10-25T04:00:00.000Z,LSU,Texas A&M,-5.5,53.5,0.2800698566288297,2025-10-25 04:00:00+00:00,401752748,fbs,fbs,62.0,48.0,0.0,4.0,1.0,6.0,2.0,0.0,0.0,2.0,3.0,1.0,0.0,82.0,7.0,2.0,6.0,0.0,0.0,83.0,16.0,3.0,1.0,705.0,613.0,107.0,113.0,70.0,67.0,6.0,2.0,3.0,2.0,22.0,25.0,190.0,244.0,5776.0,5024.0,0.0,0.0,60.0,76.0,4.0,6.0,87.0,74.0,2.0,1.0,338.0,168.0,7.0,4.0,14.0,19.0,17.0,12.0,41.0,43.0,1041.0,781.0,4.0,6.0,71.0,58.0,3.0,4.0,5.0,6.0,0.0,1.0,1.0,0.0,3.0,0.0,0.0,3.0,10.0,2.0,1.0,0.0,0.0,216.0,72.0,7.0,4.0,970.0,635.0,107.0,97.0,62.0,57.0,1.0,2.0,10.0,5.0,25.0,20.0,190.0,137.0,5246.0,5554.0,1.0,1.0,160.0,65.0,7.0,4.0,99.0,107.0,6.0,5.0,473.0,417.0,9.0,2.0,26.0,9.0,12.0,14.0,35.0,45.0,1443.0,1052.0,2.0,2.0,0.18505242617085801,0.21623666025609875
2025,9,2025-10-25T04:00:00.000Z,Michigan State,Michigan,8.25,46.5,0.14610866600086053,2025-10-25 04:00:00+00:00,401752881,fbs,fbs,64.0,49.0,3.0,3.0,5.0,6.0,2.0,1.0,1.0,2.0,3.0,0.0,1.0,0.0,37.0,2.0,2.0,0.0,0.0,147.0,111.0,5.0,6.0,656.0,820.0,82.0,113.0,58.0,74.0,2.0,2.0,6.0,6.0,13.0,16.0,105.0,102.0,5801.0,4999.0,0.0,0.0,118.0,10.0,6.0,3.0,112.0,75.0,7.0,2.0,504.0,193.0,6.0,8.0,22.0,23.0,15.0,15.0,35.0,39.0,1160.0,1013.0,4.0,3.0,67.0,51.0,1.0,3.0,4.0,7.0,1.0,2.0,1.0,1.0,3.0,0.0,0.0,0.0,0.0,1.0,5.0,0.0,0.0,122.0,82.0,6.0,8.0,628.0,547.0,80.0,102.0,46.0,64.0,5.0,1.0,2.0,3.0,15.0,7.0,142.0,59.0,5273.0,5527.0,0.0,0.0,8.0,2.0,7.0,3.0,116.0,99.0,12.0,2.0,737.0,270.0,8.0,3.0,23.0,12.0,17.0,20.0,38.0,46.0,1365.0,817.0,2.0,7.0,0.366495366817385,0.36318202007071404
2025,10,2025-11-01T04:00:00.000Z,Ohio State,Penn State,-4.0,50.5,0.37214830470245536,2025-11-01 04:00:00+00:00,401752889,fbs,fbs,71.0,35.0,2.0,4.0,4.0,9.0,0.0,2.0,2.0,0.0,3.0,0.0,0.0,5.0,4.0,3.0,2.0,0.0,0.0,20.0,29.0,2.0,2.0,850.0,355.0,80.0,73.0,62.0,38.0,2.0,3.0,9.0,2.0,11.0,15.0,80.0,115.0,5743.0,5057.0,0.0,0.0,28.0,3.0,4.0,1.0,102.0,104.0,6.0,0.0,577.0,328.0,7.0,1.0,17.0,4.0,13.0,11.0,28.0,43.0,1427.0,683.0,3.0,4.0,73.0,38.0,5.0,6.0,8.0,9.0,0.0,3.0,3.0,0.0,3.0,1.0,0.0,78.0,0.0,1.0,4.0,0.0,0.0,123.0,164.0,4.0,8.0,731.0,370.0,99.0,81.0,65.0,42.0,4.0,1.0,5.0,2.0,11.0,11.0,80.0,83.0,5259.0,5541.0,0.0,0.0,75.0,10.0,10.0,2.0,105.0,105.0,9.0,0.0,581.0,303.0,8.0,3.0,29.0,8.0,14.0,16.0,36.0,46.0,1312.0,673.0,1.0,7.0,0.16790709492567055,0.2432148401925621
2025,10,2025-11-01T04:00:00.000Z,Kansas State,Texas Tech,-4.25,60.5,0.33733419168882434,2025-11-01 04:00:00+00:00,401756941,fbs,fbs,56.0,83.0,5.0,11.0,13.0,14.0,4.0,4.0,4.0,4.0,4.0,0.0,0.0,0.0,8.0,1.0,1.0,1.0,0.0,339.0,84.0,10.0,3.0,851.0,708.0,127.0,113.0,77.0,62.0,1.0,1.0,6.0,4.0,13.0,14.0,129.0,101.0,5850.0,8550.0,0.0,0.0,39.0,46.0,7.0,7.0,96.0,194.0,5.0,9.0,435.0,703.0,9.0,3.0,24.0,21.0,15.0,26.0,48.0,68.0,1286.0,1411.0,5.0,5.0,90.0,38.0,2.0,4.0,4.0,7.0,1.0,1.0,1.0,1.0,3.0,1.0,0.0,62.0,25.0,2.0,4.0,0.0,0.0,102.0,64.0,5.0,4.0,1151.0,563.0,110.0,104.0,78.0,53.0,4.0,2.0,14.0,4.0,24.0,12.0,200.0,90.0,5305.0,5495.0,0.0,,52.0,,8.0,,109.0,82.0,8.0,1.0,661.0,125.0,9.0,2.0,18.0,12.0,20.0,13.0,36.0,46.0,1812.0,688.0,3.0,5.0,0.19040643441542526,0.4545048230623734
2025,10,2025-11-01T19:30:00.000Z,Florida,Georgia,7.25,51.5,0.13311194091528128,2025-11-01 19:30:00+00:00,401752755,fbs,fbs,71.0,32.0,1.0,1.0,1.0,2.0,0.0,2.0,2.0,0.0,3.0,0.0,1.0,7.0,82.0,6.0,1.0,0.0,0.0,25.0,92.0,1.0,4.0,760.0,532.0,118.0,74.0,83.0,42.0,1.0,6.0,7.0,2.0,18.0,28.0,160.0,243.0,6386.0,4414.0,0.0,0.0,128.0,23.0,7.0,2.0,96.0,83.0,1.0,0.0,412.0,267.0,1.0,5.0,13.0,21.0,17.0,11.0,42.0,42.0,1172.0,799.0,6.0,3.0,81.0,40.0,5.0,1.0,5.0,2.0,3.0,0.0,0.0,3.0,3.0,0.0,0.0,0.0,38.0,1.0,3.0,0.0,0.0,48.0,52.0,2.0,3.0,784.0,651.0,100.0,80.0,69.0,51.0,3.0,1.0,5.0,4.0,10.0,19.0,78.0,134.0,6196.0,4604.0,0.0,0.0,47.0,14.0,6.0,3.0,139.0,93.0,10.0,2.0,627.0,248.0,3.0,3.0,13.0,15.0,21.0,11.0,46.0,40.0,1411.0,899.0,4.0,3.0,0.27886904353415176,0.2546556898999456
2025,11,2025-11-08T05:00:00.000Z,Penn State,Indiana,-16.0,53.5,0.28894811979022894,2025-11-08 05:00:00+00:00,401752893,fbs,fbs,73.0,38.0,5.0,6.0,8.0,9.0,0.0,3.0,3.0,0.0,3.0,1.0,0.0,78.0,0.0,1.0,4.0,0.0,0.0,123.0,164.0,4.0,8.0,731.0,370.0,99.0,81.0,65.0,42.0,4.0,1.0,5.0,2.0,11.0,11.0,80.0,83.0,5259.0,5541.0,0.0,0.0,75.0,10.0,10.0,2.0,105.0,105.0,9.0,0.0,581.0,303.0,8.0,3.0,29.0,8.0,14.0,16.0,36.0,46.0,1312.0,673.0,1.0,7.0,91.0,25.0,1.0,0.0,4.0,2.0,1.0,1.0,1.0,1.0,3.0,0.0,,57.0,,0.0,4.0,0.0,0.0,79.0,99.0,3.0,5.0,852.0,316.0,90.0,63.0,65.0,35.0,4.0,,12.0,0.0,13.0,12.0,110.0,99.0,6455.0,4330.0,1.0,0.0,222.0,9.0,11.0,2.0,132.0,86.0,8.0,2.0,926.0,346.0,8.0,1.0,33.0,9.0,21.0,8.0,34.0,37.0,1778.0,662.0,1.0,5.0,0.15732939621346848,0.1882155061549477
2025,11,2025-11-08T05:00:00.000Z,Clemson,Florida State,-16.75,55.5,0.5272217277066612,2025-11-08 05:00:00+00:00,401754586,fbs,fbs,47.0,59.0,3.0,1.0,6.0,5.0,2.0,2.0,2.0,2.0,3.0,0.0,1.0,13.0,49.0,3.0,3.0,0.0,,50.0,,3.0,,633.0,682.0,88.0,98.0,52.0,68.0,3.0,3.0,3.0,2.0,11.0,19.0,112.0,158.0,4664.0,6136.0,0.0,0.0,40.0,17.0,3.0,3.0,86.0,105.0,4.0,3.0,325.0,333.0,6.0,3.0,21.0,8.0,15.0,17.0,37.0,39.0,958.0,1013.0,5.0,5.0,49.0,27.0,5.0,2.0,5.0,6.0,2.0,0.0,0.0,2.0,2.0,0.0,,48.0,,0.0,2.0,0.0,,55.0,,3.0,,520.0,346.0,34.0,56.0,25.0,30.0,2.0,,6.0,2.0,7.0,15.0,75.0,125.0,3741.0,3459.0,0.0,,28.0,,3.0,,100.0,65.0,9.0,0.0,591.0,192.0,6.0,2.0,16.0,8.0,15.0,9.0,26.0,29.0,1111.0,538.0,2.0,2.0,0.23239061916460668,0.2890640304323543
2025,11,2025-11-08T05:00:00.000Z,Alabama,LSU,-5.75,54.5,0.33301396499075875,2025-11-08 05:00:00+00:00,401752759,fbs,fbs,69.0,43.0,5.0,3.0,9.0,4.0,0.0,3.0,3.0,0.0,3.0,0.0,,8.0,,0.0,3.0,0.0,1.0,1.0,143.0,1.0,7.0,1007.0,324.0,106.0,49.0,76.0,30.0,3.0,,13.0,1.0,20.0,14.0,182.0,146.0,5568.0,5232.0,0.0,0.0,64.0,3.0,5.0,1.0,87.0,115.0,4.0,4.0,371.0,415.0,5.0,4.0,19.0,10.0,17.0,17.0,37.0,37.0,1378.0,739.0,0.0,6.0,62.0,48.0,0.0,4.0,1.0,6.0,2.0,0.0,0.0,2.0,3.0,1.0,0.0,82.0,7.0,2.0,6.0,0.0,0.0,83.0,16.0,3.0,1.0,705.0,613.0,107.0,113.0,70.0,67.0,6.0,2.0,3.0,2.0,22.0,25.0,190.0,244.0,5776.0,5024.0,0.0,0.0,60.0,76.0,4.0,6.0,87.0,74.0,2.0,1.0,338.0,168.0,7.0,4.0,14.0,19.0,17.0,12.0,41.0,43.0,1041.0,781.0,4.0,6.0,0.2607409646635461,0.2638066285299295
2025,12,2025-11-15T00:30:00.000Z,Louisville,Clemson,6.25,60.5,0.31398576405391104,2025-11-15 00:30:00+00:00,401754591,fbs,fbs,40.0,29.0,1.0,1.0,2.0,3.0,1.0,1.0,1.0,1.0,2.0,0.0,1.0,0.0,92.0,3.0,1.0,0.0,0.0,113.0,102.0,3.0,6.0,464.0,213.0,60.0,45.0,38.0,23.0,1.0,3.0,3.0,1.0,17.0,20.0,155.0,146.0,3193.0,4007.0,1.0,0.0,134.0,17.0,6.0,3.0,60.0,86.0,5.0,2.0,342.0,200.0,10.0,3.0,13.0,9.0,11.0,10.0,23.0,31.0,806.0,413.0,4.0,2.0,47.0,59.0,3.0,1.0,6.0,5.0,2.0,2.0,2.0,2.0,3.0,0.0,1.0,13.0,49.0,3.0,3.0,0.0,,50.0,,3.0,,633.0,682.0,88.0,98.0,52.0,68.0,3.0,3.0,3.0,2.0,11.0,19.0,112.0,158.0,4664.0,6136.0,0.0,0.0,40.0,17.0,3.0,3.0,86.0,105.0,4.0,3.0,325.0,333.0,6.0,3.0,21.0,8.0,15.0,17.0,37.0,39.0,958.0,1013.0,5.0,5.0,0.35242819967805483,0.2724081389176746
2025,12,2025-11-15T05:00:00.000Z,Georgia,Texas,-2.5,51.5,0.3450393882511593,2025-11-15 05:00:00+00:00,401752766,fbs,fbs,81.0,40.0,5.0,1.0,5.0,2.0,3.0,0.0,0.0,3.0,3.0,0.0,0.0,0.0,38.0,1.0,3.0,0.0,0.0,48.0,52.0,2.0,3.0,784.0,651.0,100.0,80.0,69.0,51.0,3.0,1.0,5.0,4.0,10.0,19.0,78.0,134.0,6196.0,4604.0,0.0,0.0,47.0,14.0,6.0,3.0,139.0,93.0,10.0,2.0,627.0,248.0,3.0,3.0,13.0,15.0,21.0,11.0,46.0,40.0,1411.0,899.0,4.0,3.0,57.0,40.0,5.0,1.0,12.0,7.0,1.0,3.0,3.0,1.0,3.0,0.0,0.0,16.0,51.0,3.0,3.0,0.0,0.0,94.0,0.0,6.0,1.0,601.0,523.0,88.0,99.0,49.0,58.0,3.0,3.0,6.0,1.0,25.0,11.0,243.0,63.0,5697.0,5103.0,0.0,0.0,75.0,26.0,5.0,4.0,124.0,86.0,3.0,3.0,548.0,212.0,4.0,2.0,10.0,10.0,12.0,11.0,42.0,42.0,1149.0,735.0,4.0,6.0,0.3315224292923012,0.3013669545797468
2025,12,2025-11-15T05:00:00.000Z,Alabama,Oklahoma,-12.5,56.5,0.378177751944162,2025-11-15 05:00:00+00:00,401752765,fbs,fbs,69.0,43.0,5.0,3.0,9.0,4.0,0.0,3.0,3.0,0.0,3.0,0.0,,8.0,,0.0,3.0,0.0,1.0,1.0,143.0,1.0,7.0,1007.0,324.0,106.0,49.0,76.0,30.0,3.0,,13.0,1.0,20.0,14.0,182.0,146.0,5568.0,5232.0,0.0,0.0,64.0,3.0,5.0,1.0,87.0,115.0,4.0,4.0,371.0,415.0,5.0,4.0,19.0,10.0,17.0,17.0,37.0,37.0,1378.0,739.0,0.0,6.0,75.0,27.0,3.0,0.0,4.0,1.0,2.0,0.0,0.0,1.0,3.0,,0.0,,0.0,3.0,0.0,0.0,0.0,17.0,60.0,4.0,5.0,949.0,254.0,108.0,71.0,72.0,33.0,,3.0,5.0,0.0,14.0,8.0,108.0,77.0,5844.0,4956.0,0.0,0.0,12.0,20.0,4.0,4.0,114.0,84.0,8.0,1.0,469.0,290.0,7.0,5.0,24.0,18.0,19.0,7.0,40.0,41.0,1418.0,544.0,5.0,0.0,0.30655222978694946,0.2591221093665273
2025,13,2025-11-22T05:00:00.000Z,North Carolina,Duke,0.0,51.5,0.3361948698728244,2025-11-22 05:00:00+00:00,401754600,fbs,fbs,41.0,65.0,2.0,2.0,3.0,5.0,2.0,2.0,2.0,2.0,3.0,0.0,1.0,41.0,39.0,2.0,4.0,0.0,0.0,145.0,72.0,7.0,4.0,446.0,609.0,65.0,93.0,40.0,61.0,4.0,2.0,4.0,2.0,12.0,12.0,130.0,109.0,4768.0,6030.0,0.0,0.0,30.0,5.0,3.0,2.0,92.0,111.0,4.0,2.0,391.0,404.0,4.0,4.0,12.0,16.0,12.0,19.0,36.0,41.0,837.0,1013.0,4.0,6.0,71.0,61.0,2.0,4.0,5.0,6.0,5.0,1.0,1.0,5.0,3.0,,0.0,,0.0,2.0,0.0,0.0,0.0,58.0,83.0,3.0,4.0,1058.0,678.0,124.0,74.0,82.0,50.0,,2.0,8.0,3.0,18.0,22.0,169.0,198.0,4658.0,6142.0,1.0,,86.0,,5.0,,73.0,124.0,2.0,9.0,380.0,442.0,8.0,4.0,27.0,11.0,15.0,18.0,33.0,43.0,1438.0,1120.0,7.0,1.0,0.30315878227829834,0.31101916685102665
2025,13,2025-11-22T05:00:00.000Z,Utah,Kansas State,-1.5,54.5,0.42517292093195264,2025-11-22 05:00:00+00:00,401756960,fbs,fbs,85.0,41.0,3.0,5.0,3.0,7.0,1.0,1.0,1.0,1.0,3.0,1.0,,127.0,,0.0,4.0,0.0,0.0,32.0,71.0,4.0,4.0,681.0,402.0,94.0,75.0,69.0,38.0,4.0,,7.0,1.0,20.0,12.0,180.0,95.0,6253.0,4547.0,0.0,0.0,86.0,-2.0,4.0,1.0,145.0,90.0,11.0,1.0,870.0,270.0,9.0,2.0,16.0,9.0,32.0,8.0,44.0,36.0,1551.0,672.0,1.0,5.0,56.0,83.0,5.0,11.0,13.0,14.0,4.0,4.0,4.0,4.0,4.0,0.0,0.0,0.0,8.0,1.0,1.0,1.0,0.0,339.0,84.0,10.0,3.0,851.0,708.0,127.0,113.0,77.0,62.0,1.0,1.0,6.0,4.0,13.0,14.0,129.0,101.0,5850.0,8550.0,0.0,0.0,39.0,46.0,7.0,7.0,96.0,194.0,5.0,9.0,435.0,703.0,9.0,3.0,24.0,21.0,15.0,26.0,48.0,68.0,1286.0,1411.0,5.0,5.0,0.35356028614168283,0.2976234533867676
2025,13,2025-11-22T05:00:00.000Z,Oregon,USC,-12.75,55.5,0.2885561216196344,2025-11-22 05:00:00+00:00,401752911,fbs,fbs,74.0,41.0,3.0,4.0,4.0,7.0,0.0,0.0,0.0,0.0,3.0,2.0,0.0,123.0,-1.0,1.0,4.0,0.0,0.0,91.0,123.0,4.0,6.0,769.0,400.0,76.0,72.0,56.0,41.0,4.0,1.0,7.0,0.0,9.0,19.0,64.0,126.0,5191.0,5612.0,0.0,,58.0,,6.0,,106.0,106.0,13.0,3.0,741.0,368.0,7.0,0.0,15.0,7.0,21.0,10.0,33.0,39.0,1510.0,768.0,1.0,4.0,77.0,60.0,4.0,5.0,4.0,6.0,2.0,1.0,1.0,2.0,3.0,2.0,,179.0,,0.0,6.0,0.0,0.0,113.0,118.0,6.0,6.0,1092.0,699.0,85.0,112.0,61.0,68.0,6.0,,7.0,5.0,22.0,12.0,241.0,121.0,5508.0,5292.0,0.0,0.0,2.0,1.0,1.0,2.0,102.0,90.0,12.0,1.0,721.0,259.0,14.0,3.0,31.0,13.0,15.0,14.0,29.0,43.0,1813.0,958.0,2.0,7.0,0.2906324975749863,0.2787374918735018
2025,13,2025-11-22T17:00:00.000Z,Oklahoma,Missouri,-7.5,54.5,0.4519018318196024,2025-11-22 17:00:00+00:00,401752778,fbs,fbs,75.0,27.0,3.0,0.0,4.0,1.0,2.0,0.0,0.0,1.0,3.0,,0.0,,0.0,3.0,0.0,0.0,0.0,17.0,60.0,4.0,5.0,949.0,254.0,108.0,71.0,72.0,33.0,,3.0,5.0,0.0,14.0,8.0,108.0,77.0,5844.0,4956.0,0.0,0.0,12.0,20.0,4.0,4.0,114.0,84.0,8.0,1.0,469.0,290.0,7.0,5.0,24.0,18.0,19.0,7.0,40.0,41.0,1418.0,544.0,5.0,0.0,85.0,32.0,6.0,3.0,7.0,3.0,1.0,1.0,1.0,1.0,3.0,1.0,0.0,83.0,1.0,1.0,2.0,0.0,0.0,89.0,231.0,5.0,15.0,854.0,300.0,94.0,67.0,73.0,33.0,2.0,1.0,8.0,3.0,18.0,13.0,175.0,102.0,6807.0,3993.0,0.0,0.0,73.0,21.0,8.0,1.0,147.0,80.0,11.0,2.0,907.0,274.0,7.0,7.0,22.0,13.0,28.0,6.0,45.0,35.0,1761.0,574.0,2.0,3.0,0.18939043685809304,0.24149671368989278
2025,14,2025-11-28T17:00:00.000Z,Mississippi State,Ole Miss,11.5,59.5,0.1158791666868055,2025-11-28 17:00:00+00:00,401752788,fbs,fbs,62.0,50.0,2.0,3.0,4.0,6.0,0.0,2.0,2.0,0.0,3.0,0.0,0.0,-1.0,14.0,2.0,4.0,0.0,0.0,13.0,92.0,1.0,6.0,788.0,368.0,88.0,83.0,59.0,49.0,4.0,2.0,7.0,3.0,30.0,25.0,254.0,179.0,4836.0,5664.0,0.0,,129.0,,9.0,,108.0,113.0,9.0,1.0,536.0,421.0,4.0,4.0,14.0,12.0,21.0,16.0,37.0,45.0,1324.0,789.0,2.0,6.0,78.0,58.0,2.0,3.0,2.0,7.0,0.0,1.0,1.0,0.0,3.0,0.0,0.0,1.0,50.0,4.0,1.0,,0.0,,39.0,,2.0,992.0,561.0,91.0,93.0,59.0,50.0,1.0,4.0,6.0,2.0,22.0,21.0,200.0,178.0,4992.0,5808.0,0.0,0.0,71.0,-2.0,6.0,1.0,131.0,109.0,10.0,6.0,635.0,584.0,4.0,3.0,11.0,15.0,19.0,16.0,38.0,43.0,1627.0,1145.0,4.0,2.0,0.31958017712499115,0.3162625526054544
2025,14,2025-11-28T17:00:00.000Z,Nebraska,Iowa,-2.5,44.5,0.3473253189178742,2025-11-28 17:00:00+00:00,401752916,fbs,fbs,84.0,40.0,2.0,5.0,5.0,6.0,0.0,3.0,4.0,1.0,3.0,0.0,,0.0,,0.0,1.0,0.0,0.0,103.0,185.0,5.0,11.0,1099.0,198.0,111.0,66.0,88.0,33.0,1.0,,9.0,0.0,13.0,14.0,143.0,95.0,5997.0,4803.0,0.0,,133.0,,8.0,,106.0,100.0,9.0,3.0,541.0,408.0,3.0,3.0,10.0,6.0,23.0,8.0,37.0,38.0,1640.0,606.0,0.0,4.0,58.0,31.0,4.0,1.0,6.0,3.0,1.0,1.0,1.0,1.0,3.0,,0.0,,24.0,1.0,0.0,0.0,0.0,111.0,29.0,5.0,4.0,365.0,361.0,71.0,75.0,43.0,44.0,,1.0,4.0,2.0,7.0,9.0,63.0,62.0,5989.0,4811.0,1.0,0.0,238.0,34.0,7.0,3.0,132.0,78.0,6.0,1.0,642.0,173.0,7.0,6.0,19.0,12.0,25.0,10.0,46.0,36.0,1007.0,534.0,2.0,1.0,0.2178939528043535,0.2729766855842822
2025,14,2025-11-28T20:30:00.000Z,Georgia Tech,Georgia,13.5,53.5,0.0759087533702268,2025-11-28 20:30:00+00:00,401752786,fbs,fbs,66.0,56.0,2.0,3.0,5.0,4.0,3.0,2.0,2.0,2.0,3.0,0.0,0.0,45.0,0.0,2.0,1.0,0.0,0.0,6.0,54.0,1.0,4.0,811.0,575.0,78.0,85.0,55.0,52.0,1.0,2.0,2.0,4.0,23.0,12.0,175.0,90.0,5228.0,5575.0,0.0,0.0,67.0,35.0,7.0,3.0,117.0,113.0,10.0,3.0,690.0,437.0,7.0,2.0,20.0,12.0,16.0,16.0,34.0,43.0,1501.0,1012.0,5.0,3.0,81.0,40.0,5.0,1.0,5.0,2.0,3.0,0.0,0.0,3.0,3.0,0.0,0.0,0.0,38.0,1.0,3.0,0.0,0.0,48.0,52.0,2.0,3.0,784.0,651.0,100.0,80.0,69.0,51.0,3.0,1.0,5.0,4.0,10.0,19.0,78.0,134.0,6196.0,4604.0,0.0,0.0,47.0,14.0,6.0,3.0,139.0,93.0,10.0,2.0,627.0,248.0,3.0,3.0,13.0,15.0,21.0,11.0,46.0,40.0,1411.0,899.0,4.0,3.0,0.274914186776241,0.37543675215275185
2025,14,2025-11-29T00:30:00.000Z,Texas,Texas A&M,-10.5,51.5,0.2579664730736694,2025-11-29 00:30:00+00:00,401752792,fbs,fbs,57.0,40.0,5.0,1.0,12.0,7.0,1.0,3.0,3.0,1.0,3.0,0.0,0.0,16.0,51.0,3.0,3.0,0.0,0.0,94.0,0.0,6.0,1.0,601.0,523.0,88.0,99.0,49.0,58.0,3.0,3.0,6.0,1.0,25.0,11.0,243.0,63.0,5697.0,5103.0,0.0,0.0,75.0,26.0,5.0,4.0,124.0,86.0,3.0,3.0,548.0,212.0,4.0,2.0,10.0,10.0,12.0,11.0,42.0,42.0,1149.0,735.0,4.0,6.0,71.0,58.0,3.0,4.0,5.0,6.0,0.0,1.0,1.0,0.0,3.0,0.0,0.0,3.0,10.0,2.0,1.0,0.0,0.0,216.0,72.0,7.0,4.0,970.0,635.0,107.0,97.0,62.0,57.0,1.0,2.0,10.0,5.0,25.0,20.0,190.0,137.0,5246.0,5554.0,1.0,1.0,160.0,65.0,7.0,4.0,99.0,107.0,6.0,5.0,473.0,417.0,9.0,2.0,26.0,9.0,12.0,14.0,35.0,45.0,1443.0,1052.0,2.0,2.0,0.16677608853325224,0.22004975335884652
2025,14,2025-11-29T05:00:00.000Z,Washington,Oregon,11.5,53.5,0.0657217398225974,2025-11-29 05:00:00+00:00,401752917,fbs,fbs,60.0,30.0,3.0,4.0,3.0,6.0,1.0,0.0,0.0,1.0,2.0,0.0,,0.0,,0.0,2.0,0.0,0.0,141.0,119.0,6.0,6.0,530.0,322.0,54.0,61.0,37.0,31.0,2.0,,2.0,2.0,11.0,14.0,99.0,85.0,4312.0,2888.0,1.0,,106.0,,4.0,,97.0,51.0,12.0,2.0,607.0,161.0,5.0,3.0,10.0,6.0,19.0,7.0,27.0,25.0,1137.0,483.0,1.0,2.0,74.0,41.0,3.0,4.0,4.0,7.0,0.0,0.0,0.0,0.0,3.0,2.0,0.0,123.0,-1.0,1.0,4.0,0.0,0.0,91.0,123.0,4.0,6.0,769.0,400.0,76.0,72.0,56.0,41.0,4.0,1.0,7.0,0.0,9.0,19.0,64.0,126.0,5191.0,5612.0,0.0,,58.0,,6.0,,106.0,106.0,13.0,3.0,741.0,368.0,7.0,0.0,15.0,7.0,21.0,10.0,33.0,39.0,1510.0,768.0,1.0,4.0,0.1798120406180519,0.27297063701974517
2025,14,2025-11-29T05:00:00.000Z,NC State,North Carolina,-2.5,53.5,0.3378888542272783,2025-11-29 05:00:00+00:00,401754612,fbs,fbs,67.0,54.0,4.0,3.0,4.0,8.0,0.0,0.0,,,3.0,1.0,0.0,46.0,20.0,1.0,3.0,0.0,1.0,19.0,176.0,1.0,5.0,719.0,892.0,89.0,123.0,63.0,82.0,3.0,1.0,5.0,2.0,18.0,21.0,172.0,188.0,5867.0,4933.0,0.0,0.0,21.0,82.0,3.0,5.0,113.0,83.0,6.0,6.0,530.0,346.0,2.0,2.0,17.0,25.0,15.0,25.0,40.0,50.0,1249.0,1238.0,1.0,3.0,41.0,65.0,2.0,2.0,3.0,5.0,2.0,2.0,2.0,2.0,3.0,0.0,1.0,41.0,39.0,2.0,4.0,0.0,0.0,145.0,72.0,7.0,4.0,446.0,609.0,65.0,93.0,40.0,61.0,4.0,2.0,4.0,2.0,12.0,12.0,130.0,109.0,4768.0,6030.0,0.0,0.0,30.0,5.0,3.0,2.0,92.0,111.0,4.0,2.0,391.0,404.0,4.0,4.0,12.0,16.0,12.0,19.0,36.0,41.0,837.0,1013.0,4.0,6.0,0.26049635343919797,0.2561864441632247
2025,14,2025-11-29T05:00:00.000Z,Auburn,Alabama,5.5,51.5,0.35071653707203176,2025-11-29 05:00:00+00:00,401752784,fbs,fbs,71.0,49.0,5.0,7.0,5.0,11.0,1.0,2.0,2.0,1.0,3.0,0.0,,1.0,,0.0,1.0,1.0,0.0,194.0,134.0,5.0,6.0,521.0,660.0,74.0,90.0,50.0,55.0,1.0,,4.0,5.0,21.0,18.0,191.0,147.0,5496.0,5304.0,0.0,,16.0,,4.0,,125.0,99.0,10.0,0.0,726.0,201.0,11.0,7.0,26.0,11.0,18.0,13.0,34.0,45.0,1247.0,861.0,1.0,3.0,69.0,43.0,5.0,3.0,9.0,4.0,0.0,3.0,3.0,0.0,3.0,0.0,,8.0,,0.0,3.0,0.0,1.0,1.0,143.0,1.0,7.0,1007.0,324.0,106.0,49.0,76.0,30.0,3.0,,13.0,1.0,20.0,14.0,182.0,146.0,5568.0,5232.0,0.0,0.0,64.0,3.0,5.0,1.0,87.0,115.0,4.0,4.0,371.0,415.0,5.0,4.0,19.0,10.0,17.0,17.0,37.0,37.0,1378.0,739.0,0.0,6.0,0.3455142373441128,0.30119526278752
2025,14,2025-11-29T17:00:00.000Z,Michigan,Ohio State,5.5,47.5,0.18609773487777787,2025-11-29 17:00:00+00:00,401752921,fbs,fbs,67.0,51.0,1.0,3.0,4.0,7.0,1.0,2.0,1.0,1.0,3.0,0.0,0.0,0.0,0.0,1.0,5.0,0.0,0.0,122.0,82.0,6.0,8.0,628.0,547.0,80.0,102.0,46.0,64.0,5.0,1.0,2.0,3.0,15.0,7.0,142.0,59.0,5273.0,5527.0,0.0,0.0,8.0,2.0,7.0,3.0,116.0,99.0,12.0,2.0,737.0,270.0,8.0,3.0,23.0,12.0,17.0,20.0,38.0,46.0,1365.0,817.0,2.0,7.0,71.0,35.0,2.0,4.0,4.0,9.0,0.0,2.0,2.0,0.0,3.0,0.0,0.0,5.0,4.0,3.0,2.0,0.0,0.0,20.0,29.0,2.0,2.0,850.0,355.0,80.0,73.0,62.0,38.0,2.0,3.0,9.0,2.0,11.0,15.0,80.0,115.0,5743.0,5057.0,0.0,0.0,28.0,3.0,4.0,1.0,102.0,104.0,6.0,0.0,577.0,328.0,7.0,1.0,17.0,4.0,13.0,11.0,28.0,43.0,1427.0,683.0,3.0,4.0,0.30275636459698696,0.3191498829996464
2025,14,2025-11-29T17:00:00.000Z,South Carolina,Clemson,4.5,53.5,0.2624947374162693,2025-11-29 17:00:00+00:00,401752790,fbs,fbs,52.0,54.0,4.0,1.0,6.0,3.0,2.0,1.0,1.0,2.0,3.0,0.0,0.0,45.0,18.0,2.0,3.0,0.0,0.0,54.0,102.0,2.0,6.0,579.0,606.0,73.0,89.0,47.0,51.0,3.0,2.0,2.0,3.0,23.0,14.0,184.0,135.0,4521.0,6279.0,3.0,0.0,207.0,12.0,7.0,4.0,99.0,108.0,3.0,2.0,336.0,323.0,7.0,8.0,16.0,20.0,11.0,20.0,36.0,46.0,915.0,929.0,4.0,4.0,47.0,59.0,3.0,1.0,6.0,5.0,2.0,2.0,2.0,2.0,3.0,0.0,1.0,13.0,49.0,3.0,3.0,0.0,,50.0,,3.0,,633.0,682.0,88.0,98.0,52.0,68.0,3.0,3.0,3.0,2.0,11.0,19.0,112.0,158.0,4664.0,6136.0,0.0,0.0,40.0,17.0,3.0,3.0,86.0,105.0,4.0,3.0,325.0,333.0,6.0,3.0,21.0,8.0,15.0,17.0,37.0,39.0,958.0,1013.0,5.0,5.0,0.26046898386842593,0.2510657613629663
2025,16,2025-12-13T20:00:00.000Z,Navy,Army,-3.5,39.5,0.4504768823631442,2025-12-13 20:00:00+00:00,401762521,fbs,fbs,71.0,55.0,3.0,4.0,4.0,8.0,1.0,2.0,2.0,1.0,3.0,0.0,0.0,3.0,0.0,2.0,3.0,0.0,0.0,98.0,198.0,4.0,9.0,354.0,707.0,32.0,98.0,21.0,61.0,3.0,2.0,3.0,4.0,16.0,13.0,171.0,96.0,6193.0,4607.0,0.0,0.0,53.0,13.0,5.0,3.0,168.0,82.0,15.0,3.0,1130.0,247.0,9.0,1.0,16.0,10.0,22.0,14.0,35.0,40.0,1484.0,954.0,3.0,5.0,44.0,29.0,7.0,3.0,9.0,4.0,1.0,0.0,0.0,1.0,2.0,0.0,0.0,8.0,34.0,2.0,1.0,0.0,1.0,17.0,174.0,1.0,4.0,226.0,324.0,28.0,55.0,16.0,31.0,1.0,2.0,1.0,2.0,7.0,11.0,45.0,88.0,4623.0,2577.0,0.0,0.0,60.0,0.0,4.0,1.0,136.0,60.0,5.0,2.0,517.0,266.0,2.0,0.0,9.0,13.0,16.0,8.0,38.0,27.0,743.0,590.0,3.0,1.0,0.3111360224879276,0.4619582971829248
